record_id,portraited_person,wikidata_id,filename,creator,name_norm,creator_wikidata_id,created,description,format,publisher,rights,source,subject,original_filename,size
12,Jean Alaux (1786-1864),Q1232255,efc3ae9b0d4b92c55ace93faf87d708a.jpg,Léon Cogniet,Léon Cogniet,Q544646,1817,"huile, toile, collé, contreplaqué",22 cm x 32 cm,Académie de France à Rome,Villa Médicis,Cote : 2016.0.23,portrait,23_3.jpg,116798
15,André-Joseph Allar (1845-1926),Q2847071,48c2b130fa17033cbe9fa3ed04b579a7.jpg,Fernand Lematte,Fernand Lematte,Q1406521,1869,huile sur toile,22 cm x 32 cm,Académie de France à Rome,Villa Médicis,2016.0.267,portrait,ALLAR.jpg,135949
19,Gabriel-Auguste Ancelet (1829-1895),Q2395903,ec0b97ad7a4a6aa830bd24a3504e20e4.jpg,Émile Lévy,Émile Lévy,Q3588633,1856,huile sur toile,22 cm x 32 cm,Académie de France à Rome,Villa Médicis,2016.0.180,portrait,ANCELET.jpg,157672
21,Louis-Jules André (1819-1890),Q3260671,8db0e322abd0cc2c7f99608e88bf8ef5.jpg,Eugène Lenepveu,Eugène Lenepveu,Q1543513,1853,huile sur toile,22 cm x 32 cm,Académie de France à Rome,Villa Médicis,2016.0.162,portrait,ANDRÉ Louis.jpg,109236
30,Jean-Ernest Aubert (1824-1906),Q5562173,eaf0ffee7d451b63e53e11e599c69eea.jpg,Félix-Joseph Barrias,Félix-Joseph Barrias,Q3092343,1850,huile sur toile,22 cm x 32 cm,Académie de France à Rome,Villa Médicis,2016.0.149,portrait,AUBERT.jpg,83317
42,Théodore Ballu (1817-1885),Q690231,7ec4d84cc3722de38098a4795485511f.jpg,Pierre-Nicolas Brisset,Pierre-Nicolas Brisset,Q2088153,1845,huile sur toile,22 cm x 32 cm,Académie de France à Rome,Villa Médicis,2016.0.128,portrait,BALLU.jpg,154708
45,Auguste Barbereau (1799-1879),Q766115,159f5683c2df84fb74d26f7017b83480.jpg,anonymous,anonymous,Q4233718,1825-1826,huile sur toile,22 cm x 32 cm,Académie de France à Rome,Villa Médicis,2016.0.62,portrait,BARBEREAU.jpg,380138
53,Félix-Joseph Barrias (1822-1907),Q3092343,0dcba6eb1d8af564cf5a1a57d340aff7.jpg,Félix-Joseph Barrias,Félix-Joseph Barrias,Q3092343,1850,huile sur toile,22 cm x 32 cm,Académie de France à Rome,Villa Médicis,2016.0.146,auto-portrait,BARRIAS F..jpg,122493
54,Louis-Ernest Barrias (1841-1905),Q1289500,81810657f8b54fceab8aac52c864a8c0.jpg,Jules Louis Machard,Jules Louis Machard,Q3188753,1865,huile sur toile,22 cm x 32 cm,Académie de France à Rome,Villa Médicis,2016.0.249,portrait,BARRIAS le jeune.jpg,149586
56,Gratien-Norbert-Adrien Barthe (1828-1898),Q106509842,32f1fdfcbca90e476bd59a5ca0072473.jpg,Théodore Pierre Nicolas Maillot,Théodore Pierre Nicolas Maillot,Q31941765,1856,huile sur toile,22 cm x 32 cm,Académie de France à Rome,Villa Médicis,2016.0.192,portrait,BARTHE Gratien.jpg,117256
58,Raymond Barthélemy (1833-1902),Q3420661,35894210d55441cceb661a0d3c9aa16d.jpg,Ernest Michel,Ernest Michel,Q3057087,1866,huile sur toile,22 cm x 32 cm,Académie de France à Rome,Villa Médicis,2016.0.222,portrait,BARTHÉLÉMY.jpg,101220
64,Paul-Jacques-Aimé Baudry (1828-1886),Q911575,fa31105d526d41a9bd21e373c944ab2a.jpg,Paul-Jacques-Aimé Baudry,Paul-Jacques-Aimé Baudry,Q911575,1851-1855,huile sur toile,22 cm x 32 cm,Académie de France à Rome,Villa Médicis,2016.0.174,auto-portrait,BAUDRY.jpg,196509
67,François Bazin (1816-1878),Q633817,380ada512be5a0b06431f4b575bb0473.jpg,Pierre-Nicolas Brisset,Pierre-Nicolas Brisset,Q2088153,1842,huile sur toile,22 cm x 32 cm,Académie de France à Rome,Villa Médicis,2016.0.130,portrait,BAZIN.jpg,142020
75,Charles-Alphonse-Paul Bellay (1826-1900),Q2957923,70bb5dcd573b73b6c7a94999b4ecb87b.jpg,Théodore Pierre Nicolas Maillot,Théodore Pierre Nicolas Maillot,Q31941765,1858,huile sur toile,22 cm x 32 cm,Académie de France à Rome,Villa Médicis,2016.0.184,portrait,BELLAY.JPG,89881
79,Émile Bénard (1844-1929),Q8078267,0d6fede88ff8633b869ac756ce3abd3e.jpg,Fernand Lematte,Fernand Lematte,Q1406521,1870,huile sur toile,22 cm x 32 cm,Académie de France à Rome,Villa Médicis,2016.0.260,portrait,BÉNARD Henri.jpg,126645
83,François Benoist (1794-1878),Q1450915,5e2194df3b9591b55b57159ab4523236.jpg,Jean Alaux,Jean Alaux,Q1232255,1815,huile sur toile,22 cm x 32 cm,Académie de France à Rome,Villa Médicis,2016.0.18,portrait,BENOIST.JPG,65797
85,Jean-Achille Benouville (1815-1891),Q1684579,6f283fd17ea70e843b3580a6ca53ff95.jpg,François-Léon Benouville,François-Léon Benouville,Q1341719,1845-1850,huile sur toile,22 cm x 32 cm,Académie de France à Rome,Villa Médicis,2016.0.153,portrait,BÉNOUVILLE .jpg,126774
86,François-Léon Benouville (1821-1859),Q1341719,2dc8415188d3bc38e94186d6964cc1bd.jpg,Jean-Achille Benouville,Jean-Achille Benouville,Q1684579,1850,huile sur toile,22 cm x 32 cm,Académie de France à Rome,Villa Médicis,2016.0.151,portrait,BÉNOUVILLE le jeune.jpg,139958
88,Hector Berlioz (1803-1869),Q1151,b2255a995bc1f6e806fb7d3f71db8184.jpg,François-Xavier Dupré,François-Xavier Dupré,Q26702351,1830,huile sur toile,22 cm x 32 cm,Académie de France à Rome,Villa Médicis,2016.0.86,portrait,BERLIOZ.jpg,102813
91,Armand Bernard (1829-1894),Q2861767,d28a607260a649c5ee243e9d7d7d4932.jpg,Théodore Pierre Nicolas Maillot,Théodore Pierre Nicolas Maillot,Q31941765,1854,huile sur toile,22 cm x 32 cm,Académie de France à Rome,Villa Médicis,2016.0.191,portrait,BERNARD J.F..jpg,196976
95,Louis Bernier (1845-1919),Q3261237,8ba5add52b0514635518c1312e60411a.jpg,Gabriel Ferrier,Gabriel Ferrier,Q3093735,1872,huile sur toile,22 cm x 32 cm,Académie de France à Rome,Villa Médicis,2016.0.282,portrait,BERNIER.jpg,108678
100,Gustave Bertinot (1822-1888),Q20950180,44b9e8d46b1addab2dbefa823bd30595.jpg,Émile Lévy,Émile Lévy,Q3588633,1855,huile sur toile,22 cm x 32 cm,Académie de France à Rome,Villa Médicis,2016.0.177,portrait,BERTINOT.jpg,80158
103,Paul-Albert Besnard (1849-1934),Q424348,fd033ff894ce2e7250905a6af5e86051.jpg,Théobald Chartran,Théobald Chartran,Q922670,1878,huile sur toile,22 cm x 32 cm,Académie de France à Rome,Villa Médicis,2016.0.289,portrait,BESNARD A.jpg,143609
105,Louis Désiré Besozzi (1814-1879),Q389607,fc314df2a0830dc8f92f0b6e3fe0bc2b.jpg,Dominique Papety,Dominique Papety,Q3035378,1839,huile sur toile,22 cm x 32 cm,Académie de France à Rome,Villa Médicis,2016.0.115,portrait,BESOZZI.jpg,161805
107,Victor-François-Eloi Biennourry (1823-1893),Q18214143,cb538be9d59e4ec97e8e2aeb390d7a2a.jpg,Victor-François-Eloi Biennourry,Victor-François-Eloi Biennourry,Q18214143,1848,huile sur toile,22 cm x 32 cm,Académie de France à Rome,Villa Médicis,2016.0.137,auto-portrait,Biennourry.jpg,103118
112,Georges Bizet (1838-1875),Q56158,19be19b4cd81a8557979f5f93e4c69b6.jpg,Charles Sellier,Charles Sellier,Q2960211,1858,huile sur toile,22 cm x 32 cm,Académie de France à Rome,Villa Médicis,2016.0.208,portrait,BIZET.jpg,212278
115,Joseph Blanc (1846-1904),Q3184619,2db8eb2480e153b97bd319da40a5fd27.jpg,Joseph Blanc,Joseph Blanc,Q3184619,1874,huile sur toile,22 cm x 32 cm,Académie de France à Rome,Villa Médicis,2016.0.259,auto-portrait,BLANC Paul .jpg,106230
118,Édouard-Théophile Blanchard (1844-1879),Q273875,71bdecdc53b4e4146067fbf674ae62ec.jpg,Gabriel Ferrier,Gabriel Ferrier,Q3093735,1872,huile sur toile,22 cm x 32 cm,Académie de France à Rome,Villa Médicis,2016.0.261,portrait,BLANCHARD Edouard.jpg,118946
122,Victor-Auguste Blavette (1850-1933),Q3557071,5aa4e00434e86921cb17a22683022aaa.jpg,Alfred-Henri Bramtot,Alfred-Henri Bramtot,Q19788029,1879,huile sur toile,22 cm x 32 cm,Académie de France à Rome,Villa Médicis,2016.0.313,portrait,BLAVETTE.jpg,163129
126,Paul Blondel (1847-1897),Q3370660,876874cbfe7f6e645a69723a69bd5e39.jpg,Alfred-Henri Bramtot,Alfred-Henri Bramtot,Q19788029,1880,huile sur toile,22 cm x 32 cm,Académie de France à Rome,Villa Médicis,2016.0.299,portrait,BLONDEL Paul.jpg,149806
127,Guillaume-Abel Blouet (1795-1853),Q3119629,23fd2c2936e5079f043a9cb7b58c551b.jpg,Joseph-Désiré Court,Joseph-Désiré Court,Q2363367,1826,huile sur toile,22 cm x 32 cm,Académie de France à Rome,Villa Médicis,2016.0.48,portrait,BLOUET.jpg,80045
130,Edouard Boilly (1799-1854),Q1287523,0e73edf338d0b52497b6f096de834f0e.jpg,anonymous,anonymous,Q4233718,1823,huile sur toile,22 cm x 32 cm,Académie de France à Rome,Villa Médicis,2016.0.57,portrait,BOILLY.jpg,319447
132,Xavier Boisselot (1811-1893),Q281231,e7deeb5f8d54e966cc01974916de823a.jpg,anonymous,anonymous,Q4233718,1838,huile sur toile,22 cm x 32 cm,Académie de France à Rome,Villa Médicis,2016.0.110,portrait,BOISSELOT.jpg,122445
133,Léon Boisson (1854-1941),Q55964573,de05c33a4169b0451ce047f0802925d3.jpg,Théobald Chartran,Théobald Chartran,Q922670,1877,huile sur toile,22 cm x 32 cm,Académie de France à Rome,Villa Médicis,2016.0.300,portrait,BOISSON.jpg,127768
134,Louis Boitte (1830-1906),Q3261295,267450e1b1fac949dbba007a3a524640.jpg,Benjamin Ulmann,Benjamin Ulmann,Q2896262,1859,huile sur toile,22 cm x 32 cm,Académie de France à Rome,Villa Médicis,2016.0.217,portrait,BOITTE.jpg,110328
140,Hippolyte Bonnardel (1824-1856),Q3136035,a80bc4d95dd270c7099d3b09f439b07f.jpg,anonymous,anonymous,Q4233718,1852-1856,huile sur toile,22 cm x 32 cm,Académie de France à Rome,Villa Médicis,2016.0.179,portrait,BONNARDEL.jpg,162526
141,Jean-Marie Bonnassieux (1810-1892),Q3167585,0d835c4ea1e75bda33aa08db3996a390.jpg,anonymous,anonymous,Q4233718,1837-1842,huile sur carton,22 cm x 32 cm,Académie de France à Rome,Villa Médicis,2016.0.106,portrait,BONNASSIEUX.jpg,69817
144,Paul-Émile Bonnet (1828-1881),Q27634918,3c07c9086212ca3888a2c4594f092b7c.jpg,Felix Henri Giacomotti,Felix Henri Giacomotti,Q1479490,1855-1859,huile sur toile,22 cm x 32 cm,Académie de France à Rome,Villa Médicis,2016.0.189,portrait,BONNET.jpg,124849
148,Louis-Alexandre Bottée (1852-1940),Q3260288,b8fb431bf2cac62a3b73bc1f53d70f5c.jpg,Théobald Chartran,Théobald Chartran,Q922670,1881,huile sur toile,22 cm x 32 cm,Académie de France à Rome,Villa Médicis,2016.0.308,portrait,BOTTÉE.jpg,235787
155,François Bouchot (1800-1842),Q2445657,4f71934296c5950a413c61c843060ed3.jpg,anonymous,anonymous,Q4233718,1824-1828,"huile, toile, collé, contreplaqué",22 cm x 32 cm,Académie de France à Rome,Villa Médicis,2016.0.54,portrait,BOUCHOT.jpg,365860
158,William-Adolphe Bouguereau (1825-1905),Q483992,3a51e1a7848433e9bcf46bff39f62367.jpg,William-Adolphe Bouguereau,William-Adolphe Bouguereau,Q483992,1854,huile sur toile,22 cm x 32 cm,Académie de France à Rome,Villa Médicis,Cote : 2016.0.178,auto-portrait,"Bouguereau, Autoportrait, 47x37, 1854, cll Rome Axadémie de France sm_1.jpeg",126365
161,Gustave Boulanger (1824-1888),Q726564,ac5ccfca723bb48d48a69fc42265caad.jpg,Gustave Boulanger,Gustave Boulanger,Q726564,1855,huile sur toile,22 cm x 32 cm,Académie de France à Rome,Villa Médicis,2016.0.169,auto-portrait,BOULANGER Gustave.jpg,118121
162,Francois Boulanger (1807-1875),Q103950531,14bee8de4e37641dc299ff9a5f69bd2d.jpg,anonymous,anonymous,Q4233718,1837-1841,huile sur toile,22 cm x 32 cm,Académie de France à Rome,Villa Médicis,2016.0.108,portrait,BOULANGER Louis.jpg,141547
163,Lili Boulanger (1893-1918),Q230412,115fdc199e65830ff32cf5de6bad5962.jpg,Pierre Bodard,Pierre Bodard,Q3384042,1914,huile sur toile,22 cm x 32 cm,Académie de France à Rome,Villa Médicis,2016.0.429,portrait,BOULANGER Lili.jpeg,137537
168,Louis-Albert Bourgault-Ducoudray (1840-1910),Q1597407,451567d7dbd439761e683f87f02ad2f4.jpg,Alphonse Monchablon,Alphonse Monchablon,Q2839915,1863,huile sur toile,22 cm x 32 cm,Académie de France à Rome,Villa Médicis,2016.0.235,portrait,BOURGAULT.jpg,117358
169,Benjamin Eugène Bourgeois (1791-1818),Q101495940,59f073632dbd4063e4c337af0e3943ef.jpg,Léon Cogniet,Léon Cogniet,Q544646,1818,huile sur toile,22 cm x 32 cm,Académie de France à Rome,Villa Médicis,2016.0.21,portrait,BOURGEOIS.JPG,41549
170,Charles-Arthur Bourgeois (1838-1886),Q2957970,2430aff9b247280beef06535c22ea545.jpg,Joseph-Fortuné-Séraphin Layraud,Joseph-Fortuné-Séraphin Layraud,Q3184246,1869,huile sur toile,22 cm x 32 cm,Académie de France à Rome,Villa Médicis,NA,portrait,BOURGEOIS Charles.jpg,144261
173,Georges Bousquet (1818-1854),Q1508814,777cc158e9821fec499c95c708fe6b23.jpg,Isidore Pils,Isidore Pils,Q708968,1840,huile sur toile,22 cm x 32 cm,Académie de France à Rome,Villa Médicis,2016.0.121,portrait,BOUSQUET.jpg,77039
184,Alfred-Henri Bramtot (1852-1894),Q19788029,3a4dcb29803c13c695ec14d2932c24bf.jpg,Alfred-Henri Bramtot,Alfred-Henri Bramtot,Q19788029,1880,huile sur toile,22 cm x 32 cm,Académie de France à Rome,Villa Médicis,2016.0.311,auto-portrait,BRAMTOT.jpg,126255
198,Jean-Louis Brian (1805-1864),Q3166657,4684a2bba96e9d95393632d2660c5e28.jpg,Dominique Papety,Dominique Papety,Q3035378,1833-1837,huile sur toile,22 cm x 32 cm,Académie de France à Rome,Villa Médicis,2016.0.91,portrait,BRIAN.JPG,110314
202,François-Eugène-Augustin Bridoux (1813-1892),Q27680626,5a8246d516ef92b5edeced159512b7b4.jpg,Paul Jourdy,Paul Jourdy,Q3371550,1835-1839,huile sur toile,22 cm x 32 cm,Académie de France à Rome,Villa Médicis,2016.0.101,portrait,BRIDOUX.JPG,137941
203,Pierre-Nicolas Brisset (1810-1890),Q2088153,e6846e442636220716ffb9f69225f66f.jpg,Félix-Joseph Barrias,Félix-Joseph Barrias,Q3092343,1847,huile sur toile,22 cm x 32 cm,Académie de France à Rome,Villa Médicis,2016.0.127,portrait,BRISSET.jpg,88318
207,Sylvestre-Joseph Brun (1792-1854),Q36186667,6d6d4229f071ffc2bc8182bf907cda9d.jpg,anonymous,anonymous,Q4233718,1818-1822,huile sur toile,22 cm x 32 cm,Académie de France à Rome,Villa Médicis,2016.0.31,portrait,BRUN.jpg,57458
208,Emmanuel Brune (1836-1886),Q3052607,3208f93a2485841ee019756bcd357695.jpg,Joseph-Fortuné-Séraphin Layraud,Joseph-Fortuné-Séraphin Layraud,Q3184246,1863,huile sur toile,22 cm x 32 cm,Académie de France à Rome,Villa Médicis,2016.0.239,portrait,BRUNE.jpg,121730
211,Gustave-Victor-Joseph-Justin Buisset (1879-1917),Q106510547,4900b219a76b8d0ee3a64d810faee7dd.jpg,Gustave-Victor-Joseph-Justin Buisset,Gustave-Victor-Joseph-Justin Buisset,Q106510475,1908,huile sur toile,22 cm x 32 cm,Académie de France à Rome,Villa Médicis,2016.0.418,auto-portrait,BUISSET.jpg,90629
216,Eugène-Ferdinand Buttura (1812-1852),Q739869,e36ecdc998fe55e5a11b75c43b1e0bbf.jpg,Jean Gilbert Murat,Jean Gilbert Murat,Q3173646,1838-1841,huile sur toile,22 cm x 32 cm,Académie de France à Rome,Villa Médicis,2016.0.114,portrait,BUTTURA.jpg,109292
217,Alexandre Cabanel (1823-1889),Q310437,ed4be716332f2695e819981a9626eee7.jpg,Alexandre Cabanel,Alexandre Cabanel,Q310437,1851,huile sur toile,22 cm x 32 cm,Académie de France à Rome,Villa Médicis,2016.0.152,auto-portrait,CABANEL.jpeg,106039
224,Félix Callet (1791-1854),Q16467656,36ba3931d6f2616f7d006ef04bd60526.jpg,François Dubois,François Dubois,Q2126266,1820,"huile, toile, collé, contreplaqué",22 cm x 32 cm,Académie de France à Rome,Villa Médicis,2016.0.38,portrait,CALLET.jpg,284040
233,Auguste Caristie (1783-1862),Q2871104,0ce85cfc9bf9405ba8c92e129c9f131b.jpg,Jean Alaux,Jean Alaux,Q1232255,1815,huile sur toile,22 cm x 32 cm,Académie de France à Rome,Villa Médicis,2016.0.10,portrait,CARISTIE.JPG,30322
238,Jean-Baptiste Carpeaux (1827-1875),Q182791,8100a08206133c5e3a7caf3fb447f244.jpg,Felix Henri Giacomotti,Felix Henri Giacomotti,Q1479490,1855-1859,huile sur toile,22 cm x 32 cm,Académie de France à Rome,Villa Médicis,2016.0.196,portrait,CARPEAUX.JPG,113661
245,Charles Georges Cassou (1887-1947),Q2959196,69ed1b3ee20124c097bfba26af628e6c.jpg,anonymous,anonymous,Q4233718,1920,huile sur toile,22 cm x 32 cm,Académie de France à Rome,Villa Médicis,2016,portrait,CASSOU.JPG,130798
248,Pierre-Jules Cavelier (1814-1894),Q3188478,9ef6dfbefa396832e2703f80d334d188.jpg,Victor-François-Eloi Biennourry,Victor-François-Eloi Biennourry,Q18214143,1848,huile sur toile,22 cm x 32 cm,Académie de France à Rome,Villa Médicis,2016.0.138,portrait,CAVELIER.jpg,82298
251,Louis-Félix Chabaud (1824-1902),Q3260530,159c897126d85ea56575a61e874f4977.jpg,William-Adolphe Bouguereau,William-Adolphe Bouguereau,Q483992,1852,huile sur toile,22 cm x 32 cm,Académie de France à Rome,Villa Médicis,2016.0.167,portrait,CHABAUD.jpg,119302
252,Wilbrod Chabrol (1835-1919),Q1464802,0af619ca8f1063fc36edf8b4b6341096.jpg,Alphonse Monchablon,Alphonse Monchablon,Q2839915,1863,huile sur toile,22 cm x 32 cm,Académie de France à Rome,Villa Médicis,2016.0.233,portrait,CHABROL.jpg,115989
257,Louis-Léopold Chambard (1811-1895),Q9024446,a25dc42399629d024090605c139c93ed.jpg,Jean Gilbert Murat,Jean Gilbert Murat,Q3173646,1838-1842,huile sur toile,22 cm x 32 cm,Académie de France à Rome,Villa Médicis,2016.0.112,portrait,CHAMBARD.jpg,155716
259,Jules-Clément Chaplain (1839-1909),Q1748575,bd1b5239e2a6d5652e2cab72f7c87dec.jpg,Joseph-Fortuné-Séraphin Layraud,Joseph-Fortuné-Séraphin Layraud,Q3184246,1863,huile sur toile,22 cm x 32 cm,Académie de France à Rome,Villa Médicis,2016.0.240,portrait,CHAPLAIN.jpg,123507
260,Henri Chapu (1833-1891),Q654201,72c9af3f64f1667023a0b7f9e2c1c9ea.jpg,Jules-Élie Delaunay,Jules-Élie Delaunay,Q745313,1856-1860,huile sur toile,22 cm x 32 cm,Académie de France à Rome,Villa Médicis,2016.0.197,portrait,CHAPU.jpg,195273
271,Théobald Chartran (1849-1907),Q922670,95eb6d4f4c716e19d92112d485647fb2.jpg,Théobald Chartran,Théobald Chartran,Q922670,1882,huile sur toile,22 cm x 32 cm,Académie de France à Rome,Villa Médicis,2016.0.302,auto-portrait,CHARTRAN 1.jpg,150916
277,Georges Chedanne (1861-1940),Q327014,5746e36b100cb6d4b5674d208147edde.jpg,anonymous,anonymous,Q4233718,1887,huile sur toile,22 cm x 32 cm,Académie de France à Rome,Villa Médicis,2016.0.338,portrait,CHEDANNE.jpg,121340
292,Jean-Jacques Clerget (1808-1877),Q32187545,00c8d41810c5226bc25a8ddfbaa8c2da.jpg,Paul Jourdy,Paul Jourdy,Q3371550,1840,huile sur toile,22 cm x 32 cm,Académie de France à Rome,Villa Médicis,2016.0.109,portrait,CLERGET.jpg,102948
298,Léon Cogniet (1794-1880),Q544646,7035c83db44ea06c8d7c23d69b25f6cd.jpg,anonymous,anonymous,Q4233718,1817,"huile, toile, collé, contreplaqué",22 cm x 32 cm,Académie de France à Rome,Villa Médicis,2016.0.28,portrait,COGNIET.jpg,331574
299,Léonce Cohen (1829-1901),Q1879479,5a41d6d8d504ec7c11241df1b3df8954.jpg,Émile Lévy,Émile Lévy,Q3588633,1855,huile sur toile,22 cm x 32 cm,Académie de France à Rome,Villa Médicis,2016.0.185,portrait,COHEN.jpg,86229
300,Joseph Coiny (1795-1829),Q22020010,9d7edf67a6dc97a6dda231de1d1a26a3.jpg,Nicolas-Auguste Hesse,Nicolas-Auguste Hesse,Q3339945,1818,huile sur toile,22 cm x 32 cm,Académie de France à Rome,Villa Médicis,2016.0.27,portrait,COINY.jpg,348936
304,Léon Comerre (1850-1916),Q1798144,d71a70f3e95dbe395690e381cab1012b.jpg,Théobald Chartran,Théobald Chartran,Q922670,1880,huile sur toile,22 cm x 32 cm,Académie de France à Rome,Villa Médicis,2016.0.292,portrait,COMERRE.jpg,124952
305,Simon-Claude Constant-Dufeux (1801-1871),Q3484167,13f6d3f7e5748b65aeafdf0e3e5ad29e.jpg,anonymous,anonymous,Q4233718,1830-1834,huile sur toile,22 cm x 32 cm,Académie de France à Rome,Villa Médicis,2016.0.80,portrait,CONSTANT-DUFEUX.JPG,80426
306,Jean Conte (1830-1888),Q1685438,fb0ef8702fc9fef60fffc93c843b6f82.jpg,Jules-Élie Delaunay,Jules-Élie Delaunay,Q745313,1856-1857,huile sur toile,22 cm x 32 cm,Académie de France à Rome,Villa Médicis,2016.0.200,portrait,CONTE.jpg,83209
308,Georges-Ernest Coquart (1831-1902),Q3102074,cf39fdf760bf2066563eba79e3084d35.jpg,Jean-Jacques Henner,Jean-Jacques Henner,Q665818,1858,huile sur toile,22 cm x 32 cm,Académie de France à Rome,Villa Médicis,2016.0.211,portrait,COQUART.jpg,72101
310,Alphonse-Amédée Cordonnier (1848-1930),Q2839660,563a9ada41e550697ad15fc646f05890.jpg,Théobald Chartran,Théobald Chartran,Q922670,1882,huile sur toile,22 cm x 32 cm,Académie de France à Rome,Villa Médicis,2016.0.303,portrait,CORDONNIER.jpg,199288
319,Jean-Pierre Cortot (1787-1843),Q2583927,7c2e8fa9eb9206ec7ac43d5a2bd991ec.jpg,Jean-Auguste-Dominique Ingres,Jean-Auguste-Dominique Ingres,Q23380,1815,huile sur bois,41 cm x 33 cm,Académie de France à Rome,Libre de droit. Dans le domaine public,Musée du Louvre,portrait,"Ingres_Portrait_de_Jean-Pierre_Cortot,_sculpteur_(1787-1843).jpg",48533
323,Joseph-Désiré Court (1797-1865),Q2363367,ec9b0974a715ddb1661ef414954735e5.jpg,François Bouchot,François Bouchot,Q2445657,1824-1826,huile sur toile,22 cm x 32 cm,Académie de France à Rome,Villa Médicis,2016.0.46,portrait,COURT.jpg,106427
330,Amable-Paul Coutan (1792-1837),Q4738989,71c983b5bd1ebbd5a6a1c5f752b00266.jpg,anonymous,anonymous,Q4233718,1821-1824,"huile, toile, collé, contreplaqué",22 cm x 32 cm,Académie de France à Rome,Villa Médicis,2016.0.42,portrait,coutan2016_0_42 dopo (FILEminimizer).jpeg,172747
331,Jules Coutan (1848-1939),Q2728181,f00b07345bf282f2ca8efe5cd26edf26.jpg,Gabriel Ferrier,Gabriel Ferrier,Q3093735,1877,huile sur toile,22 cm x 32 cm,Académie de France à Rome,Villa Médicis,2016.0.281,portrait,COUTAN.jpg,144930
334,Gustave Crauck (1827-1905),Q3121155,a68b17d0376df8033be388988496e680.jpg,Gustave Boulanger,Gustave Boulanger,Q726564,1855,huile sur toile,22 cm x 32 cm,Académie de France à Rome,Villa Médicis,2016.0.182,portrait,CRAUK.jpg,92928
335,Camille Crenier (1880-1915),Q2934899,2972d34f5a3a8818d7281e2fe418091a.jpg,anonymous,anonymous,Q4233718,1908,huile sur toile,22 cm x 32 cm,Académie de France à Rome,Villa Médicis,2016.0.417,portrait,CRENIER.jpg,104525
337,Louis-Léon Cugnot (1835-1894),Q3270857,e2ed5d9fe57949b5bde7e14d4c68f1ad.jpg,Benjamin Ulmann,Benjamin Ulmann,Q2896262,1859,huile sur toile,22 cm x 32 cm,Académie de France à Rome,Villa Médicis,2016.0.216,portrait,CUGNOT.jpg,118615
338,Alfred de Curzon (1820-1895),Q3370230,7cdb394353db24449cef4ff872392b86.jpg,Gustave Boulanger,Gustave Boulanger,Q726564,1852,huile sur toile,22 cm x 32 cm,Académie de France à Rome,Villa Médicis,2016.0.173,portrait,DE CURZON.jpg,109622
344,Henri-Camille Danger (1857-1939),Q15970232,8db39c249b389412f0d4bf0cba02b693.jpg,NA,NA,NA,NA,NA,NA,NA,NA,NA,NA,danger2016_0_ 336 dopo corretto (FILEminimizer).jpg,159211
345,Antoine Laurent Dantan (1798-1878),Q661251,b1dad756d9ba82a9d3dd1b9bc51da58f.jpg,anonymous,anonymous,Q4233718,1829-1833,huile sur toile,22 cm x 32 cm,Académie de France à Rome,Villa Médicis,2016.0.74,portrait,DANTAN.JPG,368132
348,Honoré Daumet (1826-1911),Q3140221,71e2db62c7d6c6b5d9f50baf84896c52.jpg,Jules-Élie Delaunay,Jules-Élie Delaunay,Q745313,1861,huile sur toile,22 cm x 32 cm,Académie de France à Rome,Villa Médicis,2016.0.198,portrait,DAUMET.jpg,139100
352,Jacques-Louis David (1748-1825),Q83155,5ed29cdfe9ebadb6614c2d13f2e1266d.jpg,Henri Lucien Doucet,Henri Lucien Doucet,Q3130432,NA,huile sur toile,22 cm x 32 cm,Académie de France à Rome,Villa Médicis,2016.0.1,portrait,david_2.jpg,109927
353,Samuel David (1836-1895),Q2218144,5332f263689014c2e0a37757ac8108b9.jpg,Jean-Jacques Henner,Jean-Jacques Henner,Q665818,1859,huile sur toile,22 cm x 32 cm,Académie de France à Rome,Villa Médicis,2016.0.212,portrait,DAVID Samuel.jpg,93259
354,David d'Angers (1789-1856),Q364498,1aa26a5ce9953bfd3cce4ae7bbe9c7f0.jpg,Ernest Hébert,Ernest Hébert,Q1350125,1815,huile sur toile,22 cm x 32 cm,Académie de France à Rome,Villa Médicis,2016.0.5,portrait,DAVID D ANGERS.jpg,120868
358,Jacques Debat-Ponsan (1882-1942),Q3158650,284867ac86038e070f59fe47b41ce165.jpg,Gabriel Charles Girodon,Gabriel Charles Girodon,Q3093759,1921,huile sur toile,22 cm x 32 cm,Académie de France à Rome,Villa Médicis,2016.0.426,portrait,DEBAT PONSAN.jpg,50759
359,Auguste-Hyacinthe Debay (1804-1865),Q2870992,78869ffe7f12052f17f7ea27bc9e2027.jpg,anonymous,anonymous,Q4233718,1824-1828,huile sur toile,22 cm x 32 cm,Académie de France à Rome,Villa Médicis,2016.0.53,portrait,DEBAY Aiuguste.jpg,365389
361,Charles-Théodore Deblois (1851-1907),Q59398590,64fc280bfd6d9a99b33f19f1155192bd.jpg,François Schommer,François Schommer,Q18636954,1878,huile sur toile,22 cm x 32 cm,Académie de France à Rome,Villa Médicis,2016.0.309,portrait,DEBLOIS.jpg,185578
364,Claude Debussy (1862-1918),Q4700,d2ba9ccfb204e1dd472c28728447fa48.jpg,anonymous,anonymous,Q4233718,1885,huile sur toile,22 cm x 32 cm,Académie de France à Rome,Villa Médicis,2016.0.328,portrait,DEBUSSYsm_1.jpeg,139139
368,Pierre-Anne Dedreux (1788-1849),Q4156765,0d64bd70b663f89f221954b3745d33bd.jpg,Henri-Joseph de Forestier,Henri-Joseph de Forestier,Q3130413,1815,huile sur toile,22 cm x 32 cm,Académie de France à Rome,Villa Médicis,2016.0.17,portrait,DEDREUX.JPG,38498
372,Charles Degeorge (1837-1888),Q346913,265d19f4fc2d2ef04ffac747d2b7e597.jpg,anonymous,anonymous,Q4233718,1871,huile sur toile,22 cm x 32 cm,Académie de France à Rome,Villa Médicis,2016.0.255,portrait,DEGEORGE.jpg,124534
373,Henri Deglane (1855-1934),Q3130936,5e15cd3abf5c39938c2779f484690821.jpg,Louis Édouard Fournier,Louis Édouard Fournier,Q535800,1886,huile sur toile,22 cm x 32 cm,Académie de France à Rome,Villa Médicis,2016.0.317,portrait,DEGLANE.jpg,172190
375,Raymond Delamarre (1890-1986),Q2370050,272e3b3524b1d69c87f847e7db80a5e4.jpg,anonymous,anonymous,Q4233718,1919,huile sur toile,22 cm x 32 cm,Académie de France à Rome,Villa Médicis,2016.0.432,portrait,DELAMARRE.JPG,106384
377,Marie-Antoine Delannoy (1800-1860),Q19629887,beac697a8286713651439e53841de478.jpg,Hippolyte Flandrin,Hippolyte Flandrin,Q472235,1833,"huile, toile, collé, contreplaqué",22 cm x 32 cm,Académie de France à Rome,Villa Médicis,2016.0.75,portrait,DELANNOY.JPG,338234
378,Eugène Delaplanche (1836-1891),Q1356062,b7bed866489ba5d1aaae1a0e0c993ccf.jpg,Diogene Ulyssee Napoleon Maillart,Diogene Ulyssee Napoleon Maillart,Q3028695,1864,huile sur toile,22 cm x 32 cm,Académie de France à Rome,Villa Médicis,2016.0.243,portrait,DELAPLANCHE.jpg,154257
381,Jules-Élie Delaunay (1828-1891),Q745313,62e3e79badd23e9b34368e9a6370f154.jpg,Jules-Élie Delaunay,Jules-Élie Delaunay,Q745313,1857-1861,huile sur toile,22 cm x 32 cm,Académie de France à Rome,Villa Médicis,2016.0.202,auto-portrait,DELAUNAY.jpg,50276
383,Alfred Deléhelle (1826-1893),Q2644850,a10f9a6ccfedc50cd9a24274afbef512.jpg,François Chifflart,François Chifflart,Q3084252,1852-1856,huile sur toile,22 cm x 32 cm,Académie de France à Rome,Villa Médicis,2016.0.181,portrait,DELEHELLE.jpg,125240
384,Louis Désiré Joseph Delemer (1814-1868),Q101404478,56d6cf86ede745c0716364cfdb9ecfad.jpg,Félix-Joseph Barrias,Félix-Joseph Barrias,Q3092343,1844,huile sur toile,22 cm x 32 cm,Académie de France à Rome,Villa Médicis,2016.0.140,portrait,DELEMER.jpg,126701
388,Claude Delvincourt (1888-1954),Q1096647,ebf11eb450c877007bdbabc993456686.jpg,Gabriel Charles Girodon,Gabriel Charles Girodon,Q3093759,1921,huile sur toile,22 cm x 32 cm,Académie de France à Rome,Villa Médicis,2016.0.430,portrait,DELVINCOURT.JPG,220805
393,Antoine Desboeufs (1793-1862),Q2853859,3307f2209d388861f4f6292fd463e095.jpg,Henri-Joseph de Forestier,Henri-Joseph de Forestier,Q3130413,1814,huile sur toile,22 cm x 32 cm,Académie de France à Rome,Villa Médicis,2016.0.14,portrait,DESBOEUFS.JPG,113886
397,Jean-Baptiste Deschamps (1841-1867),Q13581069,32863afea126c790b8bcf460ba6d1b6b.jpg,Diogene Ulyssee Napoleon Maillart,Diogene Ulyssee Napoleon Maillart,Q3028695,1864,huile sur toile,22 cm x 32 cm,Académie de France à Rome,Villa Médicis,2016.0.244,portrait,DESCHAMPS.jpg,118684
409,Louis Desprez (1799-1870),Q3261719,d9de087a88cc1ddef7b2275aa5d2d479.jpg,anonymous,anonymous,Q4233718,1827-1830,"huile, toile, collé, contreplaqué",22 cm x 32 cm,Académie de France à Rome,Villa Médicis,2016.0.68,portrait,DESPREZ.jpg,412758
410,Jean Despujols (1886-1965),Q3171725,43afc0c75168cbb170c1504b3dad0e1d.jpg,anonymous,anonymous,Q4233718,1914,huile sur carton,22 cm x 32 cm,Académie de France à Rome,Villa Médicis,2016.0.431,portrait,DESPUJOLS.JPG,101523
411,Louis-Nicolas-Marie Destouches (1788-1850),Q21509739,7eb49a0c09260d5259a8593fb6daedb4.jpg,anonymous,anonymous,Q4233718,1814,huile sur toile,22 cm x 32 cm,Académie de France à Rome,Villa Médicis,2016.0.19,portrait,DESTOUCHES.JPG,75547
413,André Devambez (1867-1944),Q2847647,470060de0fbf62dbdc1615ef6123e77f.jpg,anonymous,anonymous,Q4233718,1890,huile sur toile,22 cm x 32 cm,Académie de France à Rome,Villa Médicis,2016.0.346,portrait,DEVAMBEZ.jpg,60598
419,Jules Didier (1831-1892),Q3188539,bd932b78a8cbef4c8d1d42c980d048bb.jpg,Charles Sellier,Charles Sellier,Q2960211,1857,huile sur toile,22 cm x 32 cm,Académie de France à Rome,Villa Médicis,2016.0.207,portrait,DIDIER.jpg,140064
420,Georges Diebolt (1816-1861),Q3102610,c78dedf856bc0ca1c6b4c18f9d7fa001.jpg,anonymous,anonymous,Q4233718,1842-1846,huile sur toile,22 cm x 32 cm,Académie de France à Rome,Villa Médicis,2016.0.132,portrait,DIÉBOLT.jpg,53999
425,Abel Dimier (1794-1864),Q2821503,1ac546e6abedd135da01875e17e9f97f.jpg,François Dubois,François Dubois,Q2126266,1820,"huile, toile, collé, contreplaqué",22 cm x 32 cm,Académie de France à Rome,Villa Médicis,2016.0.37,portrait,dimier2016_0_37 dopo (FILEminimizer).jpeg,124831
430,Amédée Doublemard (1826-1900),Q2844647,87a3e7e776f2a1b7b4d113bea702266d.jpg,Felix Henri Giacomotti,Felix Henri Giacomotti,Q1479490,1856-1858,huile sur toile,22 cm x 32 cm,Académie de France à Rome,Villa Médicis,2016.0.201,portrait,DOUBLEMARD.jpg,121970
438,Félix Duban (1797-1870),Q653434,8e9f43c10943f2ffdc5645cef848acde.jpg,anonymous,anonymous,Q4233718,1824-1829,"huile, toile, collé, contreplaqué",22 cm x 32 cm,Académie de France à Rome,Villa Médicis,2016.0.55,portrait,DUBAN.jpg,309026
439,Alphée Dubois (1831-1905),Q693415,00e34fdb217011b85224a7ba81eef1e9.jpg,Jules-Élie Delaunay,Jules-Élie Delaunay,Q745313,1860,huile sur toile,22 cm x 32 cm,Académie de France à Rome,Villa Médicis,2016.0.199,portrait,dubois2016_0_ 199 dopo (FILEminimizer).jpeg,258723
440,Théodore Dubois (1837-1924),Q259121,7c1ff5c4e3aa771b01ba7fc2644ed3da.jpg,Jules Lefebvre,Jules Lefebvre,Q433973,1861,huile sur toile,22 cm x 32 cm,Académie de France à Rome,Villa Médicis,2016.0.231,portrait,DUBOIS Clément.jpg,140068
442,François Dubois (1790-1871),Q2126266,e4767a48b6bfadbf16be1d832d248f02.jpg,François Bouchot,François Bouchot,Q2445657,1819,"huile, toile, collé, contreplaqué",22 cm x 32 cm,Académie de France à Rome,Villa Médicis,2016.0.36,portrait,DUBOIS l'aïné.jpg,468064
443,Henri-Joseph Dubouchet (1833-1909),Q3130406,7495a5eca4e3197d38353178713532ff.jpg,anonymous,anonymous,Q4233718,1860,huile sur toile,22 cm x 32 cm,Académie de France à Rome,Villa Médicis,2016.0.223,portrait,DUBOUCHET.jpg,130616
458,Augustin-Alexandre Dumont (1801-1884),Q179725,01fc3af73f42f836699ac840c50bf4e4.jpg,Auguste-Hyacinthe Debay,Auguste-Hyacinthe Debay,Q2870992,1824-1828,"huile, toile, collé, contreplaqué",22 cm x 32 cm,Académie de France à Rome,Villa Médicis,2016.0.55,portrait,DUMONT.jpg,390093
464,Jules Duprato (1827-1892),Q376547,cf6cd99f155c0728f07167621fa7cfc1.jpg,Gustave Boulanger,Gustave Boulanger,Q726564,1851,huile sur toile,22 cm x 32 cm,Académie de France à Rome,Villa Médicis,2016.0.168,portrait,DUPRATO.jpg,80105
466,François-Xavier Dupré (1809-1871),Q26702351,2989e9dbd9edf58d91f2f9e4366906bc.jpg,anonymous,anonymous,Q4233718,1828-1832,huile sur toile,22 cm x 32 cm,Académie de France à Rome,Villa Médicis,2016.0.70,portrait,DUPRÉ.jpg,310973
469,Daniel Jean Baptiste Dupuis (1849-1889),Q3013986,a92ce37ac93ecf248aaf48e6e210c985.jpg,anonymous,anonymous,Q4233718,1872,huile sur toile,22 cm x 32 cm,Académie de France à Rome,Villa Médicis,2016.0.283,portrait,dupuis2016_0_ 283 dopo (FILEminimizer).jpeg,230574
472,Pierre Amédée Durand (1789-1873),Q94939575,a037db95c419fb000e89ec9bea3298f0.jpg,anonymous,anonymous,Q4233718,1810,huile sur toile,22 cm x 32 cm,Académie de France à Rome,Villa Médicis,2016.0.4,portrait,DURAND.JPG,32871
477,Arthur Dutert (1839-1868),Q43292386,0b5f1d75f9632f52a70ce75f2f28eb34.jpg,Diogene Ulyssee Napoleon Maillart,Diogene Ulyssee Napoleon Maillart,Q3028695,1864,huile sur toile,22 cm x 32 cm,Académie de France à Rome,Villa Médicis,2016.0.246,portrait,DUTERT Arthur.jpg,124909
478,Ferdinand Dutert (1845-1906),Q153163,47b3e4aa35b5adbb84d636f5e36a1eb8.jpg,Fernand Lematte,Fernand Lematte,Q1406521,1869,huile sur toile,22 cm x 32 cm,Académie de France à Rome,Villa Médicis,2016.0.268,portrait,DUTERT Ferdinand.jpg,102587
485,Antoine Elwart (1808-1877),Q374582,087819808dae07c77ffc14cb76459605.jpg,anonymous,anonymous,Q4233718,1835-1836,huile sur toile,22 cm x 32 cm,Académie de France à Rome,Villa Médicis,2016.0.100,portrait,ELWART.JPG,96081
487,Louis-Constant Ermel (1798-1871),Q43439781,a62e5582293d675f50a3275aca4031da.jpg,François Bouchot,François Bouchot,Q2445657,1824-1828,huile sur toile,22 cm x 32 cm,Académie de France à Rome,Villa Médicis,2016.0.58,portrait,ERMEL.jpg,92136
489,Pierre Esquié (1853-1933),Q3384918,dd0db8349e735d1bf7495010cb0ed818.jpg,anonymous,anonymous,Q4233718,1882,huile sur toile,22 cm x 32 cm,Académie de France à Rome,Villa Médicis,2016.0.321,portrait,ESQUIÉ.jpg,204004
493,Léon Fagel (1851-1913),Q3270951,fa1b5d2f44ed90801ce10322227a4dba.jpg,Alfred-Henri Bramtot,Alfred-Henri Bramtot,Q19788029,1884,huile sur toile,22 cm x 32 cm,Académie de France à Rome,Villa Médicis,2016.0.312,portrait,FAGEL.jpg,167264
495,Alexandre Falguière (1831-1900),Q2140000,16571135b70008171f59704c61ca98f1.jpg,Benjamin Ulmann,Benjamin Ulmann,Q2896262,1859,huile sur toile,22 cm x 32 cm,Académie de France à Rome,Villa Médicis,2016.0.215,portrait,FALGUIÈRE.jpg,125212
497,Charles Victor Famin (1809-1910),Q18540644,a156361d8c6241b9c601ca6d38d34965.jpg,Ernest Hébert,Ernest Hébert,Q1350125,1841,huile sur toile,22 cm x 32 cm,Académie de France à Rome,Villa Médicis,2016.0.103,portrait,FAMIN Ch. Victor.jpg,120887
500,Jean-Baptiste Farochon (1812-1871),Q3164083,5dac30c48ca687c3c36e0a4757071847.jpg,Charles Octave Blanchard,Charles Octave Blanchard,Q2959924,1839,huile sur toile,22 cm x 32 cm,Académie de France à Rome,Villa Médicis,2016.0.102,portrait,FAROCHON.jpg,121221
506,Éloi Firmin Féron (1802-1876),Q274777,0a371812351872c8ad181a79cf48e3e6.jpg,anonymous,anonymous,Q4233718,1826-1831,huile sur toile,22 cm x 32 cm,Académie de France à Rome,Villa Médicis,2016.0.67,portrait,FÉRON.JPG,512054
508,Maurice Ferrary (1852-1904),Q3300778,7fc2da9ace4073fce1464d674fe5b293.jpg,anonymous,anonymous,Q4233718,1882,huile sur toile,22 cm x 32 cm,Académie de France à Rome,Villa Médicis,2016.0.320,portrait,FERRARY.jpg,378983
509,Gabriel Ferrier (1847-1914),Q3093735,fbdf71edced887f8e662424f0ed1dad9.jpg,Joseph Wencker,Joseph Wencker,Q3185784,1876,huile sur toile,22 cm x 32 cm,Académie de France à Rome,Villa Médicis,2016.0.280,portrait,FERRIER.jpg,96820
511,Hippolyte Flandrin (1809-1864),Q472235,8e9718e2c8863fff66cef71e9d9c239e.jpg,Hippolyte Flandrin,Hippolyte Flandrin,Q472235,1832,huile sur toile,22 cm x 32 cm,Académie de France à Rome,Villa Médicis,2016.0.89,auto-portrait,FLANDRIN.JPG,92207
512,Constantin Font (1890-1954),Q2994968,05808e67b7095b82b4d85b59e8fc7aca.jpg,Constantin Font,Constantin Font,Q2994968,1921,huile sur bois,22 cm x 32 cm,Académie de France à Rome,Villa Médicis,2016.0.436,auto-portrait,FONT.JPG,120245
515,Henri-Joseph de Forestier (1787-1874),Q3130413,e470a8f4e813da4e58c02eb0dd488f68.jpg,Auguste Vinchon,Auguste Vinchon,Q2871451,1814,huile sur toile,22 cm x 32 cm,Académie de France à Rome,Villa Médicis,2016.0.12,portrait,DE FORESTIER.JPG,66923
518,Siméon Foucault (1884-1923),Q3484829,722f6d3643b49d404164fbb595d3f4da.jpg,Gabriel Charles Girodon,Gabriel Charles Girodon,Q3093759,1912,huile sur toile,22 cm x 32 cm,Académie de France à Rome,Villa Médicis,2016.0.425,portrait,FOUCAULT.jpg,103181
533,Claude Ferdinand Gaillard (1834-1887),Q251292,84daad130e1364d0cb0ec78333faa5ee.jpg,Claude Ferdinand Gaillard,Claude Ferdinand Gaillard,Q251292,1856,huile sur toile,22 cm x 32 cm,Académie de France à Rome,Villa Médicis,2016.0.205,auto-portrait,GAILLARD.jpg,71093
534,Charles Galibert (1826-1858),Q1064488,217479ee1498a4580fb2d9f537ee6ccf.jpg,François Chifflart,François Chifflart,Q3084252,1854-1855,huile sur toile,22 cm x 32 cm,Académie de France à Rome,Villa Médicis,2016.0.187,portrait,GALIBERT.JPG,147363
544,Charles Garnier (1825-1898),Q313556,e2aad731421578220fe245fd7a019ea9.jpg,Gustave Boulanger,Gustave Boulanger,Q726564,1854,huile sur toile,22 cm x 32 cm,Académie de France à Rome,Villa Médicis,2016.0.165,portrait,GARNIER.jpg,110880
545,Tony Garnier (1869-1948),Q1544,9d44cde91c286b6fb8b799e659f51ec2.jpg,anonymous,anonymous,Q4233718,1899,huile sur toile,22 cm x 32 cm,Académie de France à Rome,Villa Médicis,2016.0.390,portrait,"Tony GARNIER, ht, h _45 ; l _36 cm.jpg",91250
551,Léon Gastinel (1823-1906),Q332795,a07e5f55a0574a75146af4c7833b46fe.jpg,Alexandre Cabanel,Alexandre Cabanel,Q310437,1846-1848,huile sur toile,22 cm x 32 cm,Académie de France à Rome,Villa Médicis,2016.0.158,portrait,GASTINEL.jpg,115537
564,Gustave Adolphe Gerhardt (1843-1921),Q22968789,acceeef1fdcafc2e19858d5432260314.jpg,Jules Louis Machard,Jules Louis Machard,Q3188753,1865,huile sur toile,22 cm x 32 cm,Académie de France à Rome,Villa Médicis,2016.0.251,portrait,GERHARDT.jpg,436465
569,Jean-Baptiste Gibert (1806-1889),Q23820293,78665ef232494aa5b7dd1b6edd5b389f.jpg,Gustave Boulanger,Gustave Boulanger,Q726564,1854,huile sur toile,22 cm x 32 cm,Académie de France à Rome,Villa Médicis,2016.0.78,portrait,GIBERT Jean-B..JPG,89874
571,Émile Gilbert (1793-1874),Q3588575,dc9841107e3d33fb624d30ca00d8e339.jpg,anonymous,anonymous,Q4233718,1823-1827,huile sur toile,22 cm x 32 cm,Académie de France à Rome,Villa Médicis,2016.0.51,portrait,GILBERT.jpg,280918
574,Léon Ginain (1825-1898),Q3270995,77bb108635f963bb9e7cc54ebf90a319.jpg,Émile Lévy,Émile Lévy,Q3588633,1858,huile sur toile,22 cm x 32 cm,Académie de France à Rome,Villa Médicis,2016.0.183,portrait,GINAIN.jpg,111485
576,Paul-Albert Girard (1839-1920),Q17328851,404038ee9a037603fcc0827459e2950e.jpg,Jules Lefebvre,Jules Lefebvre,Q433973,1861,huile sur toile,22 cm x 32 cm,Académie de France à Rome,Villa Médicis,2016.0.230,portrait,GIRARD.jpg,130323
586,Gabriel Charles Girodon (1884-1941),Q3093759,98af23be3f915cf5d954f37fb016053a.jpg,Gabriel Charles Girodon,Gabriel Charles Girodon,Q3093759,1922,huile sur toile,22 cm x 32 cm,Académie de France à Rome,Villa Médicis,2016.0.424,auto-portrait,GIRODON.jpg,112793
589,André Giroux (1801-1879),Q2847853,e0d36dbdab55d7ae45e52e650ca0c74e.jpg,anonymous,anonymous,Q4233718,1826-1829,huile sur toile,22 cm x 32 cm,Académie de France à Rome,Villa Médicis,2016.0.64,portrait,GIROUX.jpg,406354
593,Charles-Joseph Godde (1821-1852),Q2958165,07d9c8dc70baba8ce2296063fc47e940.jpg,anonymous,anonymous,Q4233718,1842-1845,huile sur toile,22 cm x 32 cm,Académie de France à Rome,Villa Médicis,2016.0.133,portrait,GODDE.jpg,263339
606,Edmond Grasset (1852-1880),Q3047847,ba690263b84efb5b18e8363e6d071205.jpg,François Schommer,François Schommer,Q18636954,1878,huile sur toile,22 cm x 32 cm,Académie de France à Rome,Villa Médicis,2016.0.306,portrait,GRASSET.JPG,81374
612,Théodore-Charles Gruyère (1814-1885),Q332396,2179abdbc9ff8c13c602df6a74b28ac1.jpg,Ernest Hébert,Ernest Hébert,Q1350125,1840-1844,huile sur toile,22 cm x 32 cm,Académie de France à Rome,Villa Médicis,2016.0.122,portrait,GRUYERE.jpg,353892
613,Julien Guadet (1834-1908),Q3189515,48fe6ecfac78113ef254973b7d4db613.jpg,Diogene Ulyssee Napoleon Maillart,Diogene Ulyssee Napoleon Maillart,Q3028695,1864,huile sur toile,22 cm x 32 cm,Académie de France à Rome,Villa Médicis,2016.0.245,portrait,GUADET.jpg,154924
616,Jean-Baptiste Guenepin (1807-1888),Q2404853,bccafae85032a915a3f416e4b80c5647.jpg,anonymous,anonymous,Q4233718,1838-1842,huile sur toile,22 cm x 32 cm,Académie de France à Rome,Villa Médicis,2016.0.113,portrait,GUÉNEPIN J.François.jpg,141860
622,Edmond Guillaume (1826-1894),Q3047845,f876cb46a1844184fc3b71317ac091c7.jpg,Félix-Auguste Clément,Félix-Auguste Clément,Q4223261,1856,huile sur toile,22 cm x 32 cm,Académie de France à Rome,Villa Médicis,2016.0.204,portrait,GUILLAUME Edmond.jpg,84908
623,Jean-Baptiste Claude Eugène Guillaume (1822-1905),Q2615602,3d81d07f7c3999fb8f4ad0e4b9ce169c.jpg,François-Léon Benouville,François-Léon Benouville,Q1341719,1851,huile sur toile,22 cm x 32 cm,Académie de France à Rome,Villa Médicis,2016.0.154,portrait,GUILLAUME Eugène.jpg,81201
626,Albert Guillon (1801-1854),Q1354891,7979eb17e00d9dab9c24e00f1e50278d.jpg,Jean-Pierre Norblin de La Gourdaine,Jean-Pierre Norblin de La Gourdaine,Q941569,1827,huile sur toile,22 cm x 32 cm,Académie de France à Rome,Villa Médicis,2016.0.66,portrait,guillon2016_0_66 dopo (FILEminimizer).jpg,234177
629,Ernest Guiraud (1837-1892),Q727341,d29939355d8c7fe30163f7962dbceb65.jpg,Benjamin Ulmann,Benjamin Ulmann,Q2896262,1859,huile sur toile,22 cm x 32 cm,Académie de France à Rome,Villa Médicis,2016.0.219,portrait,GUIRAUD.jpg,88593
632,Charles Gumery (1827-1871),Q2271869,6126c8e6cb1ffeb83e7b7596cffc066c.jpg,Paul-Jacques-Aimé Baudry,Paul-Jacques-Aimé Baudry,Q911575,1851-1855,huile sur toile,22 cm x 32 cm,Académie de France à Rome,Villa Médicis,2016.0.175,portrait,GUMERY.jpg,89788
637,Fromental Halévy (1799-1862),Q313917,9311496c8d3573c1d7ac73e6ec6ae422.jpg,François Dubois,François Dubois,Q2126266,1820-1824,huile sur toile,22 cm x 32 cm,Académie de France à Rome,Villa Médicis,2016.0.40,portrait,halévy2016_0_40 dopo (FILEminimizer).jpeg,243311
646,Ernest Hébert (1817-1908),Q1350125,faf533cdd99f7c240d9fc36c7e772eaa.jpg,Ernest Hébert,Ernest Hébert,Q1350125,1845,huile sur toile,22 cm x 32 cm,Académie de France à Rome,Villa Médicis,2016.0.124,auto-portrait,HÉBERT.jpg,417033
651,Jean-Jacques Henner (1829-1905),Q665818,9234225eb28faf1a8270f7633acc7fb4.jpg,Jean-Jacques Henner,Jean-Jacques Henner,Q665818,1855,huile sur toile,22 cm x 32 cm,Académie de France à Rome,Villa Médicis,2016.0.210,auto-portrait,HENNER.JPG,110528
655,Ferdinand Hérold (1791-1833),Q362639,52a986bf14455cec40aedd20cce592d6.jpg,NA,NA,NA,1812,huile sur toile,22 cm x 32 cm,Académie de France à Rome,Villa Médicis,2016.0.6,portrait,HEROLD.jpg,60524
660,Lucien Joseph Edouard Hillemacher (1860-1909),Q32985098,2bc25950130caebd034fd37dc1e45862.jpg,Henri Lucien Doucet,Henri Lucien Doucet,Q3130432,1880,huile sur toile,22 cm x 32 cm,Académie de France à Rome,Villa Médicis,2016.0.315,portrait,HILLEMACHER Lucien.jpg,80227
661,Paul Joseph Guillaume Hillemacher (1852-1933),Q2060201,b68ec3a02f4491a299b617dda8860f6a.jpg,Joseph Wencker,Joseph Wencker,Q3185784,1876,huile sur toile,22 cm x 32 cm,Académie de France à Rome,Villa Médicis,2016.0.301,portrait,HILLEMACHER Paul.jpg,184933
663,Ernest-Eugène Hiolle (1834-1886),Q2749109,23b96849aab6b226bce01c881fc2d62c.jpg,Alphonse Monchablon,Alphonse Monchablon,Q2839915,1863,huile sur toile,22 cm x 32 cm,Académie de France à Rome,Villa Médicis,2016.0.232,portrait,HIOLLE.jpg,158611
673,Georges Hüe (1858-1948),Q358965,99423970fae3bd6115d0a5c63b4b951f.jpg,Alfred-Henri Bramtot,Alfred-Henri Bramtot,Q19788029,1881,huile sur toile,22 cm x 32 cm,Académie de France à Rome,Villa Médicis,2016.0.314,portrait,HÜE.jpg,146600
674,Jean-Baptiste Hugues (1849-1930),Q3164160,4cb0401ded05cacd06edc9473fd97332.jpg,Léon Comerre,Léon Comerre,Q1798144,1875,huile sur toile,22 cm x 32 cm,Académie de France à Rome,Villa Médicis,2016.0.293,portrait,HUGUES.jpg,131642
677,Adolphe Joseph Huot (1839-1883),Q38031227,d2b131ed72b3df5eaa7c0fdd825b5241.jpg,Alphonse Monchablon,Alphonse Monchablon,Q2839915,1867,huile sur toile,22 cm x 32 cm,Académie de France à Rome,Villa Médicis,2016.0.234,portrait,HUOT.jpg,130739
679,Honoré-Jean-Aristide Husson (1803-1864),Q3140236,af1d35f3086f0fa576c17d9f44378030.jpg,Paul Jourdy,Paul Jourdy,Q3371550,1836,huile sur toile,22 cm x 32 cm,Académie de France à Rome,Villa Médicis,2016.0.82,portrait,HUSSON.JPG,82491
685,Antonin Idrac (1849-1884),Q599557,4757734de4f23a5a6861ec1a2cca7ed1.jpg,Aimé Morot,Aimé Morot,Q405759,1878,huile sur toile,22 cm x 32 cm,Académie de France à Rome,Villa Médicis,2016.0.286,portrait,IDRAC.jpg,143000
686,Jean Auguste Dominique Ingres (1780-1867),Q23380,3b7e1c297f9fd186754cca3c36d7a573.jpg,Jean-Auguste-Dominique Ingres,Jean-Auguste-Dominique Ingres,Q23380,1801,huile sur toile,22 cm x 32 cm,Académie de France à Rome,Villa Médicis,2016.0.2,auto-portrait,INGRES.jpg,79167
687,Jean Antoine Injalbert (1845-1933),Q2746989,942281731df600215934c885ddf75696.jpg,Léon Comerre,Léon Comerre,Q1798144,1879,huile sur toile,22 cm x 32 cm,Académie de France à Rome,Villa Médicis,2016.0.290,portrait,INJALBERT.jpg,131980
689,Achille Jacquet (1846-1908),Q2823071,b2776ee366e1ce8642e0bc36c6dac14c.jpg,Fernand Lematte,Fernand Lematte,Q1406521,1875,huile sur toile,22 cm x 32 cm,Académie de France à Rome,Villa Médicis,2016.0.271,portrait,JACQUET Achille.jpg,96955
690,Jules Jacquet (1841-1913),Q4177891,cdd426a89ae08f04f74679e4a42a90ea.jpg,anonymous,anonymous,Q4233718,1866,huile sur toile,22 cm x 32 cm,Académie de France à Rome,Villa Médicis,2016.0.257,portrait,JACQUET Jules.jpg,108992
691,Georges Jacquot (1794-1874),Q3102943,b714dfe85832bef944ae605676154a11.jpg,anonymous,anonymous,Q4233718,1820-1824,huile sur contreplaqué,22 cm x 32 cm,Académie de France à Rome,Villa Médicis,2016.0.43,portrait,JACQUOT Georges.jpg,314422
694,Jean-Louis Jaley (1802-1866),Q642956,53c3ace5751029341696931862e16972.jpg,Hippolyte Flandrin,Hippolyte Flandrin,Q472235,1833-1835,huile sur toile,22 cm x 32 cm,Académie de France à Rome,Villa Médicis,2016.0.72,portrait,JALEY.JPG,292854
709,François Jouffroy (1806-1882),Q1374591,ca8e958ace6a2cefeecef36b1bf14613.jpg,anonymous,anonymous,Q4233718,1832,huile sur toile,22 cm x 32 cm,Académie de France à Rome,Villa Médicis,2016.0.90,portrait,JOUFFROY.JPG,74522
710,Paul Jourdy (1805-1856),Q3371550,b3df77a0ebc3aeb51e864894ccc0fe3b.jpg,Isidore Pils,Isidore Pils,Q708968,1840,huile sur toile,22 cm x 32 cm,Académie de France à Rome,Villa Médicis,2016.0.98,portrait,JOURDY.JPG,104920
714,Achille Joyau (1831-1873),Q11310604,222809b93bc228c130ee74d2d205ab53.jpg,Ernest Michel,Ernest Michel,Q3057087,1866,huile sur toile,22 cm x 32 cm,Académie de France à Rome,Villa Médicis,2016.0.221,portrait,JOYAU.jpg,100970
719,Pierre De Coninck (1828-1910),Q3384648,7f02a66311ccfd32ccc6e366f460142b.jpg,Jean-Jacques Henner,Jean-Jacques Henner,Q665818,1863,huile sur toile,22 cm x 32 cm,Académie de France à Rome,Villa Médicis,2016.0.213,portrait,DE KONINCK.jpg,41646
720,Aymé Kunc (1877-1958),Q431961,cb75e41b55701214a1a89bcf6ad8ff5f.jpg,Paul Sieffert,Paul Sieffert,Q3372199,1907,huile sur toile,22 cm x 32 cm,Académie de France à Rome,Villa Médicis,2016.0.406,portrait,P406.jpg,91655
726,Jules Jacques Labatut (1851-1935),Q2361651,874866ff7bf5317768d5030671aaea92.jpg,anonymous,anonymous,Q4233718,1881,huile sur toile,22 cm x 32 cm,Académie de France à Rome,Villa Médicis,2016.0.316,portrait,LABATUT.jpg,166197
727,Théodore Labrouste (1799-1885),Q3526446,c1f835cb70bf68f5dbc55042c271853a.jpg,anonymous,anonymous,Q4233718,1828-1832,huile sur toile,22 cm x 32 cm,Académie de France à Rome,Villa Médicis,2016.0.73,portrait,LABROUSTE François.jpg,341789
731,Jules-Isidore Lafrance (1841-1881),Q3188357,43765edd43f1d4ae2f72981e994972d7.jpg,Fernand Lematte,Fernand Lematte,Q1406521,1870,huile sur toile,22 cm x 32 cm,Académie de France à Rome,Villa Médicis,2016.0.273,portrait,LAFRANCE.jpg,100876
733,Jean Lagrange (1831-1908),Q3172947,626ca3757e468228d3f7eabe43d63dee.jpg,Benjamin Ulmann,Benjamin Ulmann,Q2896262,1860,huile sur toile,22 cm x 32 cm,Académie de France à Rome,Villa Médicis,2016.0.225,portrait,LAGRANGE.jpg,119169
737,Frédéric-Auguste Laguillermie (1841-1934),Q20950183,cc2ba9e664005574d4fc9b6ff12c8a5f.jpg,Théobald Chartran,Théobald Chartran,Q922670,1878,huile sur toile,22 cm x 32 cm,Académie de France à Rome,Villa Médicis,2016.0.256,portrait,LAGUILLERMIE.jpg,102773
739,Victor Laloux (1850-1937),Q924704,ca9bd9ca2b2e667b5705bb1d8dd0eee7.jpg,François Schommer,François Schommer,Q18636954,1878,huile sur toile,22 cm x 32 cm,Académie de France à Rome,Villa Médicis,2016.0.307,portrait,LALOUX.jpg,115081
740,Marcel Lambert (1847-1928),Q3289095,c84bd7e978e3d8eb4e9488c7135e89df.jpg,Aimé Morot,Aimé Morot,Q405759,1873,huile sur toile,22 cm x 32 cm,Académie de France à Rome,Villa Médicis,2016.0.287,portrait,LAMBERT.jpg,133833
746,Paul Landowski (1875-1961),Q710530,e2127fdcbb44dae8e75dc3d0c0046d21.jpg,William Laparra,William Laparra,Q3514997,1902,huile sur toile,22 cm x 32 cm,Académie de France à Rome,Villa Médicis,2016.0.394,portrait,LANDOWSKI.jpg,135018
749,François Lanno (1800-1871),Q3085093,cbac1770165858739e74bfc3bd786d40.jpg,anonymous,anonymous,Q4233718,1828-1832,"huile, toile, collé, contreplaqué",22 cm x 32 cm,Académie de France à Rome,Villa Médicis,2016.0.71,portrait,LANNO.jpg,440290
751,Félix-Hippolyte Lanoüe (1812-1872),Q3092335,f0fb7ccb61c4a8c22bebe7aee3ea5fdb.jpg,Pierre-Nicolas Brisset,Pierre-Nicolas Brisset,Q2088153,1846,huile sur toile,22 cm x 32 cm,Académie de France à Rome,Villa Médicis,2016.0.135,portrait,LANOUE.jpg,72575
752,Alfred-Désiré Lanson (1851-1898),Q2834911,0bedadf06e6909ca17471829964b9365.jpg,François Schommer,François Schommer,Q18636954,1878,huile sur toile,22 cm x 32 cm,Académie de France à Rome,Villa Médicis,2016.0.298,portrait,LANSON.jpg,140430
757,Charles-Philippe Larivière (1798-1876),Q1063426,338ca2b827a247b98699420cb8ebf345.jpg,anonymous,anonymous,Q4233718,1825-1829,huile sur toile,22 cm x 32 cm,Académie de France à Rome,Villa Médicis,2016.0.59,portrait,DE LARIVIERE.jpg,388759
770,Joseph-Fortuné-Séraphin Layraud (1833-1913),Q3184246,ca52b729539ab4c6372006643e0d30fa.jpg,Joseph-Fortuné-Séraphin Layraud,Joseph-Fortuné-Séraphin Layraud,Q3184246,1863,huile sur toile,22 cm x 32 cm,Académie de France à Rome,Villa Médicis,2016.0.236,auto-portrait,LAYRAUD.jpg,180178
786,Charles-François Lebœuf (1792-1865),Q2343714,97f6209510c7d28769893f0f234551ae.jpg,Joseph-Désiré Court,Joseph-Désiré Court,Q2363367,1820,huile sur toile,22 cm x 32 cm,Académie de France à Rome,Villa Médicis,2016.0.29,portrait,LEBŒUF dit Nanteuil.JPG,50686
787,Aimé Leborne (1797-1866),Q1028877,8ef48ef4779074aa8ec64d05c0b4445e.jpg,Amable-Paul Coutan,Amable-Paul Coutan,Q4738989,1822,huile sur toile,22 cm x 32 cm,Académie de France à Rome,Villa Médicis,2016.0.45,portrait,LEBORNE.jpg,369100
788,Joseph Lebourgeois (1802-1824),Q1372765,9dd9b85cf48df3e0e51b897edd4fb49f.jpg,François Bouchot,François Bouchot,Q2445657,1825,huile sur toile,22 cm x 32 cm,Académie de France à Rome,Villa Médicis,2016.0.52,portrait,LEBOURGEOIS.jpg,317421
790,Denis Lebouteux (1819-1879),Q106509807,31c479ec7e4c0657014c76ed4506b40d.jpg,Gustave Boulanger,Gustave Boulanger,Q726564,1855,huile sur toile,22 cm x 32 cm,Académie de France à Rome,Villa Médicis,2016.0.171,portrait,D.LEBOUTEUX.jpg,168233
791,Auguste Lebouys (1812-1854),Q96657620,bf302b8afbe749a17634a7d10ca72689.jpg,Victor-François-Eloi Biennourry,Victor-François-Eloi Biennourry,Q18214143,1847,huile sur toile,22 cm x 32 cm,Académie de France à Rome,Villa Médicis,2016.0.131,portrait,LEBOUYS.jpg,135304
793,Alfred Leclerc (1843-1915),Q2835260,256e7c67c0b534d5ae5b57086c0f3f75.jpg,anonymous,anonymous,Q4233718,1868,huile sur toile,22 cm x 32 cm,Académie de France à Rome,Villa Médicis,2016.0.264,portrait,LECLERC.jpg,116376
796,Charles-Joseph Lecointe (1823-1886),Q19544969,a76a8806aaceac1dd671cfb043b8830c.jpg,Gustave Boulanger,Gustave Boulanger,Q726564,1854,huile sur toile,22 cm x 32 cm,Académie de France à Rome,Villa Médicis,2016.0.172,portrait,LECOINTE.jpg,81719
801,Charles-Édouard Lefebvre (1843-1917),Q1065318,a70c6fc4c804364326edfc1d7ab0189b.jpg,Fernand Lematte,Fernand Lematte,Q1406521,1873,huile sur toile,22 cm x 32 cm,Académie de France à Rome,Villa Médicis,2016.0.275,portrait,LEFEBVRE Charles.jpg,122529
803,Jules Lefebvre (1834-1912),Q433973,a779815e85116dd1c14524de4d6f12b0.jpg,Jules Lefebvre,Jules Lefebvre,Q433973,1867,huile sur toile,22 cm x 32 cm,Académie de France à Rome,Villa Médicis,2016.0.227,auto-portrait,LEFEBVRE Jules.jpg,138606
808,Hector Lefuel (1810-1880),Q323877,19f03d0584ef783c0363e9af3f56a684.jpg,anonymous,anonymous,Q4233718,1840-1844,huile sur toile,22 cm x 32 cm,Académie de France à Rome,Villa Médicis,2016.0.125,portrait,LEFUEL.jpg,98523
811,Louis Aimé Lejeune (1884-1969),Q5981456,0eaffc7e5a07a604def4e43012e417a7.jpg,anonymous,anonymous,Q4233718,1911,huile sur toile,22 cm x 32 cm,Académie de France à Rome,Villa Médicis,2016.0.423,portrait,LEJEUNE.jpg,121484
817,Philippe Joseph Henri Lemaire (1798-1880),Q354388,1fe2aafa8114d71fef0bf65554c06924.jpg,Joseph-Désiré Court,Joseph-Désiré Court,Q2363367,1826,"huile, toile, collé, contreplaqué",22 cm x 32 cm,Académie de France à Rome,Villa Médicis,2016.0.47,portrait,LEMAIRE.jpg,398149
818,Fernand Lematte (1850-1929),Q1406521,09ba2516a0cc8166f2f787ba274edcba.jpg,Paul-Albert Besnard,Paul-Albert Besnard,Q424348,1874,huile sur toile,22 cm x 32 cm,Académie de France à Rome,Villa Médicis,2016.0.272,portrait,LEMATTE.jpg,102406
823,Charles Lenepveu (1840-1910),Q371459,636bcc51706a9bd20742d3d4ba5e0e0e.jpg,anonymous,anonymous,Q4233718,1865,huile sur toile,22 cm x 32 cm,Académie de France à Rome,Villa Médicis,2016.0.252,portrait,LENEPVEU Charles.jpg,88727
824,Eugène Lenepveu (1819-1898),Q1543513,87459aca901c0ceb679c565dc7be8d05.jpg,Eugène Lenepveu,Eugène Lenepveu,Q1543513,1848-1852,huile sur toile,22 cm x 32 cm,Académie de France à Rome,Villa Médicis,2016.0.159,auto-portrait,LENEPVEU.jpg,132577
827,Alfred-Adolphe-Édouard Lepère (1827-1904),Q2834893,ae37d5c8392bed577b0a8c6599135afe.jpg,Alfred-Adolphe-Édouard Lepère,Alfred-Adolphe-Édouard Lepère,Q2834893,1858,huile sur toile,22 cm x 32 cm,Académie de France à Rome,Villa Médicis,2016.0.186,auto-portrait,LEPÈRE.jpg,116553
828,Eugène-Louis Lequesne (1815-1887),Q2719726,efb4d3c721b37fc1956c219b2fbde5f8.jpg,Félix-Joseph Barrias,Félix-Joseph Barrias,Q3092343,1850,huile sur toile,22 cm x 32 cm,Académie de France à Rome,Villa Médicis,2016.0.147,portrait,LEQUESNE.jpg,131864
845,Jean-Arnoud Léveil (1806-1866),Q3163740,76997678d96a7f73b3a11f96f12bba84.jpg,anonymous,anonymous,Q4233718,1833-1837,"huile, toile, collé, contreplaqué",22 cm x 32 cm,Académie de France à Rome,Villa Médicis,2016.0.92,portrait,LEVEIL.JPG,76356
846,Émile Lévy (1826-1890),Q3588633,d60c2dcd4185144adda29327dbdcf339.jpg,Felix Henri Giacomotti,Felix Henri Giacomotti,Q1479490,1855-1857,huile sur toile,22 cm x 32 cm,Académie de France à Rome,Villa Médicis,2016.0.194,portrait,LÉVY Émile.jpg,108425
857,Louis-Victor Louvet (1822-1898),Q3260908,b34230232a799b6576b1d2fe6c794462.jpg,Paul-Jacques-Aimé Baudry,Paul-Jacques-Aimé Baudry,Q911575,1851-1855,huile sur toile,22 cm x 32 cm,Académie de France à Rome,Villa Médicis,2016.0.176,portrait,LOUVET.jpg,99993
859,Benoît Édouard Loviot (1849-1921),Q106239165,73a4ebdd4d25c844ad77fc3503ef8e6e.jpg,Théobald Chartran,Théobald Chartran,Q922670,1879,huile sur toile,22 cm x 32 cm,Académie de France à Rome,Villa Médicis,2016.0.291,portrait,LOVIOT.jpg,128463
865,Jules Louis Machard (1839-1900),Q3188753,c2535a626862de85f80d6e6086d4fcad.jpg,Jules Louis Machard,Jules Louis Machard,Q3188753,1865,huile sur toile,22 cm x 32 cm,Académie de France à Rome,Villa Médicis,2016.0.248,auto-portrait,MACHARD.jpg,134207
868,Diogene Ulyssee Napoleon Maillart (1840-1926),Q3028695,c55457f872bbca37ff783e6519bf8ee0.jpg,Diogene Ulyssee Napoleon Maillart,Diogene Ulyssee Napoleon Maillart,Q3028695,1864,huile sur toile,22 cm x 32 cm,Académie de France à Rome,Villa Médicis,2016.0.242,auto-portrait,MAILLART.jpg,197323
870,Jacques-Léonard Maillet (1823-1876),Q3158003,7d759f2a7fe87b31c5e2a140fbae9134.jpg,Eugène Lenepveu,Eugène Lenepveu,Q1543513,1848-1851,huile sur toile,22 cm x 32 cm,Académie de France à Rome,Villa Médicis,2016.0.161,portrait,MAILLET.jpg,82476
871,Théodore Pierre Nicolas Maillot (1826-1888),Q31941765,4479059c799108609220a126763f9e31.jpg,Felix Henri Giacomotti,Felix Henri Giacomotti,Q1479490,1859,huile sur toile,22 cm x 32 cm,Académie de France à Rome,Villa Médicis,2016.0.195,portrait,MAILLOT.jpg,107555
877,Henri-Charles Maniglier (1826-1901),Q3130350,58ddd4408099132265fc656d9038d6fa.jpg,Félix-Auguste Clément,Félix-Auguste Clément,Q4223261,1857,huile sur toile,22 cm x 32 cm,Académie de France à Rome,Villa Médicis,2016.0.203,portrait,MANIGLIER.jpg,111188
880,Henri Maréchal (1842-1924),Q1605937,6333de41bbe5b4d6f1e28c5c7d048568.jpg,Fernand Lematte,Fernand Lematte,Q1406521,1873,huile sur toile,22 cm x 32 cm,Académie de France à Rome,Villa Médicis,2016.0.274,portrait,MARÉCHAL Charles.jpg,98471
881,René-Ambroise Maréchal (1818-1847),Q3425658,9e1f589e31d5670d0330286141b3e5a0.jpg,anonymous,anonymous,Q4233718,1844-1847,huile sur toile,22 cm x 32 cm,Académie de France à Rome,Villa Médicis,2016.0.143,portrait,MARECHAL  René.jpg,120497
887,Laurent Marqueste (1848-1920),Q1971720,427553c3fefe6d7f4bcbaff6fe996e0b.jpg,Édouard Toudouze,Édouard Toudouze,Q3580047,1871,huile sur toile,22 cm x 32 cm,Académie de France à Rome,Villa Médicis,2016.0.277,portrait,MARQUESTE.jpg,122001
890,Armand Martial (1884-1960),Q2861917,7c305c837a76b72e5cb03aac1351221c.jpg,anonymous,anonymous,Q4233718,1913,huile sur toile,22 cm x 32 cm,Académie de France à Rome,Villa Médicis,2016.0.427,portrait,MARTIAL.JPG,93540
893,Achille-Louis Martinet (1806-1877),Q18507678,8e2f9efe09f1500dc3bf54bb7d0d83de.jpg,anonymous,anonymous,Q4233718,1831-1835,"huile, toile, collé, contreplaqué",22 cm x 32 cm,Académie de France à Rome,Villa Médicis,2016.0.84,portrait,MARTINET.JPG,99720
896,Victor Massé (1822-1884),Q1382004,77bde14938ae3e5df7e2c573d1f624cb.jpg,Félix-Joseph Barrias,Félix-Joseph Barrias,Q3092343,1847,huile sur toile,22 cm x 32 cm,Académie de France à Rome,Villa Médicis,2016.0.150,portrait,V MASSÉ.jpg,139628
897,Jules Massenet (1842-1912),Q194436,62d20f68cc598c9bd7b7ed263f7cdcc2.jpg,Joseph-Fortuné-Séraphin Layraud,Joseph-Fortuné-Séraphin Layraud,Q3184246,1865,huile sur toile,22 cm x 32 cm,Académie de France à Rome,Villa Médicis,2016.0.241,portrait,MASSENET.jpg,149565
898,Jean Massin (1793-NA),Q1474384,b6be987cee6b687fe68cd7eb9e099fe0.jpg,François Dubois,François Dubois,Q2126266,1822,huile sur toile,22 cm x 32 cm,Académie de France à Rome,Villa Médicis,2016.0.41,portrait,turina2016_0_41 dopo (FILEminimizer).jpg,642332
908,Antonin Mercié (1845-1916),Q2274629,38b69ccc463ecba4a72d0c0feb90614f.jpg,anonymous,anonymous,Q4233718,1868,huile sur toile,22 cm x 32 cm,Académie de France à Rome,Villa Médicis,2016.0.263,portrait,MERCIÉ.jpg,123047
910,Louis Merley (1815-1883),Q8336662,1f738be5d25dcaa49f78e35c99b81a59.jpg,Eugène Jean Damery,Eugène Jean Damery,Q52154928,1843-1847,huile sur toile,22 cm x 32 cm,Académie de France à Rome,Villa Médicis,2016.0.145,portrait,MERLEY.jpg,127223
919,Ernest Michel (1833-1902),Q3057087,3cc63003c627f21ca30e82217ffa80c8.jpg,Ernest Michel,Ernest Michel,Q3057087,1860,huile sur toile,22 cm x 32 cm,Académie de France à Rome,Villa Médicis,2016.0.220,auto-portrait,MICHEL.jpg,89979
920,Pierre Miciol (1833-1905),Q18641010,88fc2e3f362f8daa815dc3b401136091.jpg,anonymous,anonymous,Q4233718,1860,huile sur toile,22 cm x 32 cm,Académie de France à Rome,Villa Médicis,2016.0.226,portrait,MICIOL.jpg,142731
927,Alphonse Monchablon (1835-1907),Q2839915,def9626392174bea62ab5f4a78eb6c7b.jpg,anonymous,anonymous,Q4233718,1863,huile sur toile,22 cm x 32 cm,Académie de France à Rome,Villa Médicis,2016.0.237,portrait,MONCHABLON.jpg,95625
934,Alexandre Montfort (1803-1856),Q2643754,1945b9c0bd852b1b2d9574b35d3d8037.jpg,Émile Signol,Émile Signol,Q3588762,1831-1835,huile sur toile,22 cm x 32 cm,Académie de France à Rome,Villa Médicis,2016.0.85,portrait,MONTFORT.JPG,103697
940,Aimé Morot (1850-1913),Q405759,412031ad5b0021aa36669ef2fce6a5bc.jpg,Albert Bénard,NA,NA,1873,huile sur toile,22 cm x 32 cm,Académie de France à Rome,Villa Médicis,2016.0.285,portrait,MOROT.jpg,137724
948,Constant Moyaux (1835-1911),Q2994878,aff35bba4746130291933d0fe5bd13ff.jpg,Jules Lefebvre,Jules Lefebvre,Q433973,1861,huile sur toile,22 cm x 32 cm,Académie de France à Rome,Villa Médicis,2016.0.229,portrait,MOYAUX.jpg,123300
950,Jean Gilbert Murat (1807-1863),Q3173646,3614f119897cce7b836855dc26ab740e.jpg,Pierre-Nicolas Brisset,Pierre-Nicolas Brisset,Q2088153,1843,huile sur toile,22 cm x 32 cm,Académie de France à Rome,Villa Médicis,2016.0.111,portrait,MURAT.jpg,123881
955,Henri-Paul Nénot (1853-1934),Q3130450,7096841b5244551572beefa2d9133d28.jpg,Théobald Chartran,Théobald Chartran,Q922670,1882,huile sur toile,22 cm x 32 cm,Académie de France à Rome,Villa Médicis,2016.0.304,portrait,NÉNOT.jpg,161684
963,Tony Noël (1845-1909),Q3531847,62fce74dbc7c17fc1db9562e9557224a.jpg,NA,NA,NA,NA,NA,NA,NA,NA,NA,NA,noel2016_0_262 dopo (FILEminimizer).jpeg,167794
965,Sébastien Norblin (1796-1884),Q3510246,52ab6778c360c82eaa32db0d31531ba7.jpg,anonymous,anonymous,Q4233718,1826-1830,huile sur toile,22 cm x 32 cm,Académie de France à Rome,Villa Médicis,2016.0.63,portrait,NORBLIN de la G.jpg,364323
967,Alfred-Nicolas Normand (1822-1909),Q2834920,6cc0a93a827daca99bec326ed82dca36.jpg,Alexandre Cabanel,Alexandre Cabanel,Q310437,1851,huile sur toile,22 cm x 32 cm,Académie de France à Rome,Villa Médicis,2016.0.156,portrait,NORMAND.jpeg,164604
977,Auguste Ottin (1811-1890),Q766841,00f9e0c3a122d460ecfcc68047c8edef.jpg,Isidore Pils,Isidore Pils,Q708968,1839-1840,huile sur toile,22 cm x 32 cm,Académie de France à Rome,Villa Médicis,2016.0.107,portrait,OTTIN.jpg,347438
983,Émile Paladilhe (1844-1926),Q286294,44c1cfaa88d4c65d1b534ce730db5982.jpg,Ernest Michel,Ernest Michel,Q3057087,1860,huile sur toile,22 cm x 32 cm,Académie de France à Rome,Villa Médicis,2016.0.224,portrait,PALADILHE.jpg,171778
984,Louis-Vincent-Léon Pallière (1787-1821),Q15275368,6660d27af0629102c7204c956c3cba89.jpg,Henri-Joseph de Forestier,Henri-Joseph de Forestier,Q3130413,1812,huile sur toile,22 cm x 32 cm,Académie de France à Rome,Villa Médicis,Cote : 2016.0.7,portrait,1_1.jpg,64241
985,Auguste Mathieu Panseron (1795-1859),Q713985,17c56f138ed4e019f4171bcd7c2c6113.jpg,anonymous,anonymous,Q4233718,1813,huile sur toile,22 cm x 32 cm,Académie de France à Rome,Villa Médicis,2016.0.9,portrait,PANSERON.JPG,138254
986,Dominique Papety (1815-1849),Q3035378,fb13d8c12305f4e1d3ace420b2a0c8ff.jpg,anonymous,anonymous,Q4233718,1837-1841,huile sur toile,22 cm x 32 cm,Académie de France à Rome,Villa Médicis,2016.0.104,portrait,PAPETY.jpg,273568
989,Claude Paris (1801-1866),Q1097015,794a8cdfa03c190675a423ad58cd847b.jpg,anonymous,anonymous,Q4233718,1827-1828,huile sur toile,22 cm x 32 cm,Académie de France à Rome,Villa Médicis,2016.0.69,portrait,PARIS.jpg,96042
994,Jean-Louis Pascal (1837-1920),Q3166930,71c2dac1d4175c544dda3f87c8c44484.jpg,Théobald Chartran,Théobald Chartran,Q922670,1866,huile sur toile,22 cm x 32 cm,Académie de France à Rome,Villa Médicis,2016.0.254,portrait,PASCAL.jpg,149824
995,Henri-Auguste Patey (1855-1930),Q3130341,500b7991dd65c3d386766917ef4654e3.jpg,Louis Édouard Fournier,Louis Édouard Fournier,Q535800,1885,huile sur toile,22 cm x 32 cm,Académie de France à Rome,Villa Médicis,2016.0.318,portrait,PATEY.jpg,133198
999,Edmond Paulin (1848-1915),Q3047944,88180a507db3ae7072c1c97ce02a34c8.jpg,Léon Comerre,Léon Comerre,Q1798144,1875,huile sur toile,22 cm x 32 cm,Académie de France à Rome,Villa Médicis,2016.0.294,portrait,PAULIN.jpg,117827
1004,Alfred Rabuteau (1843-NA),Q2645698,c373334297315de4acf73a247e2e0da4.jpg,anonymous,anonymous,Q4233718,1868,huile sur toile,22 cm x 32 cm,Académie de France à Rome,Villa Médicis,2016.0.265,portrait,PELLETIER.jpg,117943
1007,Jean-Joseph Perraud (1819-1876),Q2730042,60cd65f04e7819fee503f0d183faad14.jpg,Eugène Lenepveu,Eugène Lenepveu,Q1543513,1853,huile sur toile,22 cm x 32 cm,Académie de France à Rome,Villa Médicis,2016.0.160,portrait,PERRAUD.jpg,146989
1012,Emile Pessard (1843-1917),Q286316,6cdc84a4cdca6c7f57fc5bc0e2358884.jpg,Henri Regnault,Henri Regnault,Q553571,1866,huile sur toile,22 cm x 32 cm,Académie de France à Rome,Villa Médicis,2016.0.258,portrait,PESSARD.jpg,114281
1031,Isidore Pils (1815-1875),Q708968,a980a693a32435708fc5bf3e78ff3977.jpg,Isidore Pils,Isidore Pils,Q708968,1844,huile sur toile,22 cm x 32 cm,Académie de France à Rome,Villa Médicis,2016.0.116,auto-portrait,PILS.jpg,128074
1043,Victor Florence Pollet (1811-1882),Q19632063,b3dbc126fa74aab40a339333b1bc3cca.jpg,Isidore Pils,Isidore Pils,Q708968,1839-1843,huile sur toile,22 cm x 32 cm,Académie de France à Rome,Villa Médicis,2016.0.119,portrait,POLLET.jpg,126076
1046,Emmanuel Pontremoli (1865-1956),Q2068088,a58a05046df6dadb8631c39f283fa369.jpg,anonymous,anonymous,Q4233718,1890,huile sur toile,22 cm x 32 cm,Académie de France à Rome,Villa Médicis,2016.0.348,portrait,PONTREMOLI.jpg,81540
1047,Gustave Popelin (1859-1937),Q19958508,f11e56c19a6c75792fb4b6d66f209024.jpg,anonymous,anonymous,Q4233718,1882,huile sur toile,22 cm x 32 cm,Académie de France à Rome,Villa Médicis,2016.0.319,portrait,POPELIN.jpg,126183
1052,James Pradier (1790-1852),Q1362889,b73e49ce6d2cd6932a0fface21e3e3ac.jpg,Léon Cogniet,Léon Cogniet,Q544646,1818,huile sur toile,22 cm x 32 cm,Académie de France à Rome,Villa Médicis,2016.0.11,portrait,PRADIER.JPG,58026
1054,Eugen Prosper Prévost (1809-1872),Q1373556,02c9998ca51cfc18c635611f1ed0e429.jpg,Émile Signol,Émile Signol,Q3588762,1833,huile sur toile,22 cm x 32 cm,Académie de France à Rome,Villa Médicis,2016.0.93,portrait,PRÉVOST.JPG,83437
1055,Gabriel Prieur (1806-1879),Q3093914,1ce03b28b60504e00b50b465c146a93c.jpg,anonymous,anonymous,Q4233718,1834-1838,huile sur toile,22 cm x 32 cm,Académie de France à Rome,Villa Médicis,2016.0.95,portrait,PRIEUR.JPG,105368
1059,Denys Puech (1854-1942),Q3023427,a1655b961c09fa13436fada4162ab216.jpg,Alexis Axilette,Alexis Axilette,Q4059926,1884,huile sur toile,22 cm x 32 cm,Académie de France à Rome,Villa Médicis,2016.0.325,portrait,PUECH.JPG,82806
1060,Paul Puget (1848-1917),Q2061732,1d95bbd2d5a3f0e8d91f6641156a1ed5.jpg,anonymous,anonymous,Q4233718,1873,huile sur toile,22 cm x 32 cm,Académie de France à Rome,Villa Médicis,2016.0.288,portrait,PUGET.jpg,133475
1065,Étienne-Jules Ramey (1796-1852),Q2466214,cb4fac1b10e18b80a4d6b09e63351f44.jpg,Amable-Paul Coutan,Amable-Paul Coutan,Q4738989,1821,huile sur toile,22 cm x 32 cm,Académie de France à Rome,Villa Médicis,2016.0.16,portrait,RAMEY.jpg,97968
1078,Henri Regnault (1843-1871),Q553571,e37e88d0c054bccdb25795efc83dffc6.jpg,Jules Louis Machard,Jules Louis Machard,Q3188753,1866,huile sur toile,22 cm x 32 cm,Académie de France à Rome,Villa Médicis,2016.0.253,portrait,REGNAULT.jpg,134649
1079,Jean-Charles-Joseph Rémond (1795-1875),Q3164608,1fd2943f4153c9d7d5ca23e6d97fe28d.jpg,Joseph-Désiré Court,Joseph-Désiré Court,Q2363367,1824,"huile, toile, collé, contreplaqué",22 cm x 32 cm,Académie de France à Rome,Villa Médicis,2016.0.49,portrait,RÉMOND aîné.JPG,283507
1085,Louis Victor Étienne Rifaut (1799-1838),Q4394898,10f86e66f93384f785382fc22ce65c2f.jpg,Joseph-Désiré Court,Joseph-Désiré Court,Q2363367,1822,huile sur toile,22 cm x 32 cm,Académie de France à Rome,Villa Médicis,2016.0.50,portrait,RIFAUT.jpg,109541
1096,Alexis André Roger (1814-1846),Q2644144,bde473012ee1657318d386eaa65bead5.jpg,Victor-François-Eloi Biennourry,Victor-François-Eloi Biennourry,Q18214143,1843-1844,huile sur toile,22 cm x 32 cm,Académie de France à Rome,Villa Médicis,2016.0.141,portrait,ROGER Alexis.jpg,338313
1097,Eugène Roger (1807-1840),Q28017164,5de028803d2d119ae7adc863d59cd6b7.jpg,anonymous,anonymous,Q4233718,1834-1838,huile sur toile,22 cm x 32 cm,Académie de France à Rome,Villa Médicis,2016.0.94,portrait,ROGER Eugène.JPG,104368
1099,Louis Roguet (1824-1850),Q3263041,7b11ccdb48e6c746eaada11600694a40.jpg,anonymous,anonymous,Q4233718,1849,huile sur toile,22 cm x 32 cm,Académie de France à Rome,Villa Médicis,2016.0.170,portrait,ROGUET.jpg,147561
1101,Pierre Roll (1787-1851),Q1146945,c1d5ab343b151239bb902b0e282fa47c.jpg,Léon Cogniet,Léon Cogniet,Q544646,1819,huile sur toile,22 cm x 32 cm,Académie de France à Rome,Villa Médicis,2016.0.15,portrait,ROLL.JPG,53318
1102,Jean-Baptiste Roman (1792-1835),Q3164411,1ef352a2125fbcc427a5c76919b55453.jpg,anonymous,anonymous,Q4233718,1816,huile sur toile,22 cm x 32 cm,Académie de France à Rome,Villa Médicis,2016.0.25,portrait,ROMAN.jpg,344459
1106,Louis-Oscar Roty (1846-1911),Q2621732,4af053f631b0c6db98499db06ca7e2aa.jpg,Léon Comerre,Léon Comerre,Q1798144,1875,huile sur toile,22 cm x 32 cm,Académie de France à Rome,Villa Médicis,2016.0.295,portrait,ROTY.jpg,125376
1110,Samuel Rousseau (1853-1904),Q382431,1db20118cd6a997d10adb0e99aa89c42.jpg,François Schommer,François Schommer,Q18636954,1878,huile sur toile,22 cm x 32 cm,Académie de France à Rome,Villa Médicis,2016.0.310,portrait,ROUSSEAU Samuel.jpg,134769
1116,Michel Roux-Spitz (1888-1957),Q3310788,704995ef59479c5d44647f92bcc83fdf.jpg,anonymous,anonymous,Q4233718,1920,huile sur toile,22 cm x 32 cm,Académie de France à Rome,Villa Médicis,2016.0.434,portrait,ROUX-SPITZ.JPG,139887
1127,Gaston Salvayre (1847-1915),Q1495594,2594e943e90dbaa6a3df8f95f95dc6e1.jpg,Gabriel Ferrier,Gabriel Ferrier,Q3093735,1872,huile sur toile,22 cm x 32 cm,Académie de France à Rome,Villa Médicis,2016.0.284,portrait,SALVAYRE.jpg,101213
1131,Justin-Chrysostome Sanson (1833-1910),Q3190397,cf16c1366939944d516d7e9764524ce1.jpg,Jules Lefebvre,Jules Lefebvre,Q433973,1861,huile sur toile,22 cm x 32 cm,Académie de France à Rome,Villa Médicis,2016.0.228,portrait,SANSON.jpg,183214
1140,François Schommer (1850-1935),Q18636954,42612192a4165245e875fb513a771732.jpg,Gustave Popelin,Gustave Popelin,Q19958508,1883,huile sur toile,22 cm x 32 cm,Académie de France à Rome,Villa Médicis,2016.0.305,portrait,SCHOMMER.jpg,158289
1142,Roger Séassal (1885-1967),Q3439477,a6627b285692c762836e70659f73e896.jpg,anonymous,anonymous,Q4233718,1913,huile sur carton,22 cm x 32 cm,Académie de France à Rome,Villa Médicis,2016.0.428,portrait,SEASSAL.JPG,89814
1149,Gaston Serpette (1846-1904),Q1495600,bafdb462d69fa991ab6e6ee39c319dca.jpg,Édouard Toudouze,Édouard Toudouze,Q3580047,1872-1873,huile sur toile,22 cm x 32 cm,Académie de France à Rome,Villa Médicis,2016.0.279,portrait,SERPETTE.jpg,181598
1153,Charles Émile Seurre (1798-1858),Q2960770,4ed70d0494ba0ef2b8af21ff34ddd9fe.jpg,anonymous,anonymous,Q4233718,1824,huile sur toile,22 cm x 32 cm,Académie de France à Rome,Villa Médicis,2016.0.60,portrait,SEURRE Charles.jpg,336595
1156,Victor Sieg (1837-1899),Q2522584,831763caa936f0bb1b13e108c4365f74.jpg,Diogene Ulyssee Napoleon Maillart,Diogene Ulyssee Napoleon Maillart,Q3028695,1864,huile sur toile,22 cm x 32 cm,Académie de France à Rome,Villa Médicis,2016.0.247,portrait,SIEG.jpg,101809
1160,Pierre-Charles Simart (1806-1856),Q3382935,f4bcc803bc686d45c7303d3b87f6219f.jpg,anonymous,anonymous,Q4233718,1833,huile sur toile,22 cm x 32 cm,Académie de France à Rome,Villa Médicis,2016.0.96,portrait,SIMART.JPG,70693
1163,Émile Soldi-Colbert (1846-1906),Q18191080,a06aeac92f82ead70f13f21c3b75d867.jpg,anonymous,anonymous,Q4233718,1869,huile sur toile,22 cm x 32 cm,Académie de France à Rome,Villa Médicis,2016.0.269,portrait,SOLDI.jpg,103556
1166,Joseph Soumy (1831-1863),Q25998402,094babd2801ba01b32b7d47e0652ff76.jpg,Felix Henri Giacomotti,Felix Henri Giacomotti,Q1479490,1854,huile sur toile,22 cm x 32 cm,Académie de France à Rome,Villa Médicis,2016.0.193,portrait,SOUMY.jpg,123875
1181,Benoit Taurel (1794-1859),Q29559691,dba540d9dd579f1baea2bc232bae7592.jpg,anonymous,anonymous,Q4233718,1819-1823,huile sur toile,22 cm x 32 cm,Académie de France à Rome,Villa Médicis,2016.0.35,portrait,TAUREL.jpg,350220
1187,Charles-Alphonse Thierry (1830-1907),Q28942810,57a9a733c720c79ac519b21c8c693e6c.jpg,Benjamin Ulmann,Benjamin Ulmann,Q2896262,1859,huile sur toile,22 cm x 32 cm,Académie de France à Rome,Villa Médicis,2016.0.218,portrait,THIERRY.jpg,101578
1189,Albert-Félix-Théophile Thomas (1847-1907),Q2830898,91415d8e51ccc817d1e1fc10b6181fd6.jpg,Fernand Lematte,Fernand Lematte,Q1406521,1871-1874,huile sur toile,22 cm x 32 cm,Académie de France à Rome,Villa Médicis,2016.0.270,portrait,THOMAS Albert.jpg,91871
1192,Félix Thomas (1815-1875),Q3092616,ab733faf2eb5ab8f2f39b9fb897946c2.jpg,Gustave Boulanger,Gustave Boulanger,Q726564,1851,huile sur toile,22 cm x 32 cm,Académie de France à Rome,Villa Médicis,2016.0.155,portrait,THOMAS F.jpg,445691
1193,Gabriel Thomas (1824-1905),Q2615320,5b8fae8c547918a03f4b6eaf08e7aafc.jpg,William-Adolphe Bouguereau,William-Adolphe Bouguereau,Q483992,1854,huile sur toile,22 cm x 32 cm,Académie de France à Rome,Villa Médicis,2016.0.164,portrait,THOMAS Gabriel.JPG,129177
1205,Édouard Toudouze (1848-1907),Q3580047,91bea424b848f18305bc1dda057a2432.jpg,Édouard Toudouze,Édouard Toudouze,Q3580047,1871,huile sur toile,22 cm x 32 cm,Académie de France à Rome,Villa Médicis,2016.0.276,auto-portrait,TOUDOUZE.jpg,143383
1207,Joseph Tournois (1830-1891),Q3185687,db50227af0d7477dd015b4b0aaf264ac.jpg,Charles Sellier,Charles Sellier,Q2960211,1857,huile sur toile,22 cm x 32 cm,Académie de France à Rome,Villa Médicis,2016.0.206,portrait,tournois2016_0_ 206 dopo (FILEminimizer).jpeg,155661
1208,Joseph Gabriel Tourny (1817-1880),Q38082194,2a5062f1db7851ce920a36b2419523a3.jpg,William-Adolphe Bouguereau,William-Adolphe Bouguereau,Q483992,1852,huile sur toile,22 cm x 32 cm,Académie de France à Rome,Villa Médicis,2016.0.157,portrait,TOURNY.jpg,96802
1218,Pierre Turin (1891-1968),Q2586673,d4f940f6adcd7f57ed82e51126b116c7.jpg,anonymous,anonymous,Q4233718,1920,huile sur toile,22 cm x 32 cm,Académie de France à Rome,Villa Médicis,2016.0.435,portrait,TURIN.JPG,102920
1221,Benjamin Ulmann (1829-1884),Q2896262,5f0fbe8c2fca98cc70d26df0a1a8e555.jpg,Benjamin Ulmann,Benjamin Ulmann,Q2896262,1861,huile sur toile,22 cm x 32 cm,Académie de France à Rome,Villa Médicis,2016.0.214,auto-portrait,ULMANN.jpg,122884
1222,Émile Ullmann (1844-1902),Q16218146,910f743d783c0ae81d33f26b692b53c8.jpg,Édouard Toudouze,Édouard Toudouze,Q3580047,1872-1875,huile sur toile,22 cm x 32 cm,Académie de France à Rome,Villa Médicis,2016.0.278,portrait,ULMANN Samuel.jpg,125403
1244,Joseph Auguste Émile Vaudremer (1829-1914),Q286517,9cb8255d1e928f5d6664d097a779db8f.jpg,Théodore Pierre Nicolas Maillot,Théodore Pierre Nicolas Maillot,Q31941765,1859,huile sur toile,22 cm x 32 cm,Académie de France à Rome,Villa Médicis,2016.0.190,portrait,VAUDREMER.jpg,99497
1245,André Vauthier-Galle (1818-1899),Q2848756,3135a9633cef9214e1991a7419edb991.jpg,Eugène Jean Damery,Eugène Jean Damery,Q52154928,1844,huile sur toile,22 cm x 32 cm,Académie de France à Rome,Villa Médicis,2016.0.126,portrait,VAUTHIER-GALLÉ.jpg,290903
1255,Jean-Elie Vezien (1890-1982),Q3587712,401677084cfe9c4af678827b7aa47bb9.jpg,anonymous,anonymous,Q4233718,1926,huile sur bois,22 cm x 32 cm,Académie de France à Rome,Villa Médicis,2016.0.438,portrait,VÉZIEN.jpg,274886
1256,Victor Vibert (1799-1860),Q26934141,182eb8ace454bee2947450456c9c2790.jpg,anonymous,anonymous,Q4233718,1829-1833,"huile, toile, collé, contreplaqué",22 cm x 32 cm,Académie de France à Rome,Villa Médicis,2016.0.77,portrait,VIBERT.JPG,307543
1263,Francois Alexandre Villain (1798-1884),Q97136877,bbfe5b0b82fdfa4d303938defcf03a12.jpg,anonymous,anonymous,Q4233718,1821-1825,huile sur toile,22 cm x 32 cm,Académie de France à Rome,Villa Médicis,2016.0.44,portrait,VILLAIN François.jpg,323761
1264,Victor Vilain (1818-1899),Q602274,83bea309a08d8d240bbd349248d8a40b.jpg,Eugène Jean Damery,Eugène Jean Damery,Q52154928,1838,huile sur toile,22 cm x 32 cm,Académie de France à Rome,Villa Médicis,2016.0.117,portrait,VILLAIN Nicolas .jpg,296125
1268,Auguste Vinchon (1796-1855),Q2871451,a688018dddd1057e3ec35c1f6cea7ff3.jpg,Jean Alaux,Jean Alaux,Q1232255,1814,huile sur toile,22 cm x 32 cm,Académie de France à Rome,Villa Médicis,2016.0.20,portrait,VINCHON.jpg,304929
1278,Joseph Wencker (1848-1919),Q3185784,6d71332aeeaf285636ab8c1bd04180cf.jpg,Henri Lucien Doucet,Henri Lucien Doucet,Q3130432,1880,huile sur toile,22 cm x 32 cm,Académie de France à Rome,Villa Médicis,2016.0.297,portrait,WENCKER.jpg,142441
1279,Eugène Wintzweiller (1844-1870),Q50238217,a8e5b7c6a30fe3e30e9029f0f117032d.jpg,anonymous,anonymous,Q4233718,1868,huile sur toile,22 cm x 32 cm,Académie de France à Rome,Villa Médicis,2016.0.266,portrait,WINTZWEILLER.jpg,119512
1280,André Wormser (1851-1926),Q523464,7504cf0af60b0af6119e467e124ac3d5.jpg,Léon Comerre,Léon Comerre,Q1798144,1877,huile sur toile,22 cm x 32 cm,Académie de France à Rome,Villa Médicis,2016.0.296,portrait,WORMSER.jpg,101550
1283,Charles Colin (1832-1881),Q256786,9a2c8fbcc309b3f3bcb85261642ea382.jpg,Félix-Auguste Clément,Félix-Auguste Clément,Q4223261,1857,huile sur toile,22 cm x 32 cm,Académie de France à Rome,Villa Médicis,2016.0.209,portrait,COLIN.jpg,108515
